Open,High,Low,Close,Adj_Close,Volume
157.529999,163.089996,157.529999,161.759995,161.759995,485000
161.259995,162.639999,159.190002,159.600006,159.600006,374200
159.970001,160.429993,158.240005,158.550003,158.550003,368600
158.089996,160.070007,158.089996,160.0,160.0,272200
159.830002,163.270004,159.279999,163.050003,163.050003,454900
162.979996,162.979996,160.839996,161.580002,161.580002,318200
162.300003,165.789993,161.449997,164.710007,164.710007,409600
165.539993,167.550003,163.910004,164.429993,164.429993,283200
163.660004,164.610001,161.619995,162.699997,162.699997,354900
162.029999,162.940002,160.240005,162.039993,162.039993,407000
162.779999,164.460007,162.210007,164.25,164.25,351700
163.610001,168.660004,162.899994,168.369995,168.369995,447700
167.759995,168.630005,163.229996,164.410004,164.410004,543100
163.759995,168.089996,161.009995,166.169998,166.169998,909800
167.789993,167.789993,159.149994,159.240005,159.240005,535600
159.229996,159.229996,151.130005,151.830002,151.830002,1447100
150.690002,155.820007,150.600006,155.490005,155.490005,809800
154.809998,154.949997,149.0,151.490005,151.490005,1032400
149.809998,151.479996,147.050003,150.080002,150.080002,835700
149.830002,151.410004,149.130005,150.070007,150.070007,526100
149.449997,150.740005,149.0,150.190002,150.190002,462500
149.149994,149.830002,146.759995,147.679993,147.679993,525100
146.910004,148.039993,146.089996,147.789993,147.789993,680700
146.910004,149.729996,146.910004,149.539993,149.539993,668300
149.490005,151.910004,148.5,151.399994,151.399994,660300
151.770004,154.789993,151.529999,154.080002,154.080002,746300
153.800003,155.660004,153.360001,154.880005,154.880005,512800
154.699997,155.839996,154.240005,155.399994,155.399994,395400
156.479996,156.479996,154.410004,155.589996,155.589996,404100
155.929993,157.070007,153.949997,154.059998,154.059998,285400
153.720001,155.190002,153.699997,154.809998,154.809998,148800
154.75,156.539993,153.869995,155.429993,155.429993,375400
156.059998,156.449997,154.179993,155.020004,155.020004,394600
155.25,155.679993,153.419998,154.0,154.0,398800
154.009995,156.779999,152.889999,156.410004,156.410004,842100
156.139999,156.880005,151.740005,155.0,155.0,466900
155.740005,160.0,155.610001,159.300003,159.300003,958200
159.919998,165.770004,158.600006,159.779999,159.779999,1093600
160.360001,162.210007,158.949997,159.990005,159.990005,624300
159.690002,160.710007,158.029999,159.779999,159.779999,417500
160.570007,161.190002,159.199997,160.570007,160.570007,273300
160.5,160.570007,157.850006,159.699997,159.699997,379500
159.759995,159.970001,157.110001,159.270004,159.270004,351000
159.539993,160.240005,158.080002,158.199997,158.199997,462200
158.350006,158.410004,155.139999,155.25,155.25,396800
156.509995,157.990005,155.160004,156.600006,156.600006,1046500
157.529999,158.119995,156.320007,157.300003,157.300003,414500
157.289993,158.940002,156.130005,157.389999,157.389999,442500
157.570007,159.089996,156.059998,158.679993,158.679993,322000
159.580002,159.949997,157.009995,157.279999,157.279999,239900
156.809998,158.070007,154.880005,157.649994,157.649994,261300
157.279999,157.649994,156.119995,157.070007,157.070007,256700
157.470001,158.550003,156.389999,156.690002,156.690002,317200
156.789993,158.990005,155.330002,158.789993,158.789993,286600
158.869995,159.649994,156.25,156.380005,156.380005,366800
157.589996,160.529999,157.529999,157.809998,157.809998,398500
157.899994,162.369995,157.850006,162.050003,162.050003,404300
162.910004,165.699997,162.509995,163.960007,163.960007,519800
165.050003,166.740005,163.259995,166.600006,166.600006,515300
166.5,167.710007,164.779999,165.080002,165.080002,449200
165.380005,166.080002,164.070007,165.729996,165.729996,397400
165.529999,166.419998,163.460007,166.139999,166.139999,503200
166.690002,171.550003,166.259995,171.509995,171.509995,526300
171.350006,173.820007,170.039993,173.240005,173.240005,632900
174.5,177.25,173.410004,176.100006,176.100006,727600
177.139999,180.199997,175.990005,179.360001,179.360001,548100
178.699997,180.300003,177.440002,179.0,179.0,564800
179.5,180.880005,179.119995,180.630005,180.630005,602700
181.0,181.369995,179.210007,180.949997,180.949997,445000
180.649994,183.130005,179.490005,182.229996,182.229996,427000
183.229996,185.759995,181.770004,184.080002,184.080002,522600
184.699997,187.110001,183.899994,185.729996,185.729996,396300
186.399994,187.240005,184.339996,187.029999,187.029999,373600
186.699997,187.429993,185.5,186.779999,186.779999,412300
186.259995,187.660004,185.369995,186.589996,186.589996,481400
186.660004,188.550003,185.100006,187.039993,187.039993,659000
189.529999,198.729996,185.699997,193.949997,193.949997,859200
193.529999,195.660004,186.229996,186.360001,186.360001,770600
182.5,184.399994,179.559998,180.360001,180.360001,1240100
177.300003,180.440002,173.399994,180.050003,180.050003,1381600
179.580002,180.429993,175.710007,176.830002,176.830002,681500
175.699997,176.520004,169.199997,169.279999,169.279999,828700
170.410004,174.429993,166.699997,172.949997,172.949997,726200
174.419998,177.009995,172.509995,175.059998,175.059998,421300
173.929993,176.460007,172.369995,175.389999,175.389999,1205000
174.350006,179.869995,173.630005,178.259995,178.259995,1004000
179.220001,181.520004,178.039993,181.449997,181.449997,591200
181.130005,183.779999,180.839996,182.479996,182.479996,427500
182.429993,185.169998,182.429993,183.160004,183.160004,426900
183.360001,187.679993,183.360001,183.940002,183.940002,349400
184.149994,187.130005,183.25,183.860001,183.860001,548600
185.119995,187.630005,183.479996,187.610001,187.610001,461500
187.600006,188.779999,185.509995,186.089996,186.089996,480100
186.380005,188.809998,186.210007,187.979996,187.979996,422100
188.800003,191.899994,187.190002,187.229996,187.229996,730700
187.389999,188.449997,181.059998,182.509995,182.509995,683500
181.339996,186.119995,180.330002,185.770004,185.770004,540100
184.369995,191.630005,183.389999,191.139999,191.139999,644000
191.139999,191.940002,187.649994,190.589996,190.589996,648200
189.639999,194.929993,184.539993,194.419998,194.419998,474200
195.0,198.710007,193.669998,197.449997,197.449997,496900
198.320007,203.259995,197.809998,203.169998,203.169998,631100
203.440002,205.899994,202.320007,204.350006,204.350006,468200
205.139999,206.490005,202.559998,204.529999,204.529999,443200
205.740005,205.740005,202.509995,203.580002,203.580002,422000
203.380005,205.789993,201.699997,203.369995,203.369995,445000
203.759995,207.139999,203.320007,204.729996,204.729996,785300
203.470001,204.119995,197.820007,199.059998,199.059998,627400
199.960007,201.449997,198.720001,200.720001,200.720001,325400
200.490005,201.820007,198.300003,200.229996,200.229996,415300
198.210007,199.050003,193.699997,193.880005,193.880005,537000
194.020004,196.690002,190.160004,190.309998,190.309998,603300
192.929993,197.479996,191.589996,197.300003,197.300003,563300
199.179993,199.419998,189.729996,190.899994,190.899994,492300
191.259995,192.550003,187.929993,188.789993,188.789993,616600
189.699997,193.630005,188.369995,191.389999,191.389999,723000
191.289993,191.949997,184.479996,186.619995,186.619995,479200
187.610001,189.350006,186.039993,188.710007,188.710007,604600
186.399994,191.589996,185.509995,190.830002,190.830002,421200
192.300003,192.990005,189.75,190.880005,190.880005,363600
189.759995,191.100006,183.860001,185.559998,185.559998,403600
186.369995,190.179993,185.669998,187.130005,187.130005,352700
189.300003,194.559998,189.070007,193.259995,193.259995,397200
191.259995,193.869995,190.919998,192.410004,192.410004,275400
193.130005,195.509995,192.889999,194.210007,194.210007,297200
194.759995,195.020004,190.740005,191.779999,191.779999,301000
193.440002,197.0,191.320007,195.619995,195.619995,291700
196.919998,200.509995,196.190002,199.619995,199.619995,441800
199.660004,202.259995,199.0,200.839996,200.839996,260100
200.380005,200.520004,196.429993,197.820007,197.820007,340100
198.270004,199.710007,195.809998,196.75,196.75,350800
197.699997,200.350006,196.779999,197.630005,197.630005,212200
199.080002,201.149994,192.339996,193.850006,193.850006,430600
193.690002,195.25,191.539993,194.610001,194.610001,324500
195.149994,199.550003,194.740005,199.059998,199.059998,401000
199.589996,199.75,195.779999,197.190002,197.190002,289100
197.820007,198.339996,194.089996,194.490005,194.490005,425500
194.020004,195.479996,193.360001,195.059998,195.059998,447700
194.690002,195.869995,192.070007,193.169998,193.169998,617100
191.970001,195.970001,189.419998,195.779999,195.779999,553100
200.0,212.470001,198.309998,212.199997,212.199997,939700
215.75,217.889999,206.0,207.529999,207.529999,804500
205.479996,207.0,203.149994,204.960007,204.960007,544400
205.820007,207.949997,203.830002,206.619995,206.619995,293000
206.789993,209.979996,206.149994,209.100006,209.100006,427600
209.600006,211.800003,209.369995,211.380005,211.380005,328700
211.0,212.699997,209.889999,210.880005,210.880005,230500
209.279999,209.570007,205.630005,208.919998,208.919998,361200
206.0,206.0,196.0,199.419998,199.419998,1559100
199.300003,200.0,194.039993,195.589996,195.589996,887400
195.869995,201.25,195.149994,200.759995,200.759995,539100
202.429993,203.389999,200.490005,201.190002,201.190002,432000
201.509995,201.970001,199.729996,199.990005,199.990005,375100
199.440002,204.559998,199.440002,204.160004,204.160004,516300
203.929993,205.0,202.039993,202.369995,202.369995,267200
202.419998,204.009995,202.419998,203.699997,203.699997,360300
201.940002,205.479996,201.539993,205.25,205.25,496200
206.050003,212.270004,206.0,209.080002,209.080002,595900
208.529999,211.919998,207.830002,208.210007,208.210007,633100
210.509995,216.960007,210.509995,215.360001,215.360001,608700
215.889999,219.350006,215.889999,218.809998,218.809998,531000
219.960007,220.899994,217.300003,217.449997,217.449997,452800
217.440002,219.619995,216.25,219.509995,219.509995,387800
220.130005,221.100006,214.070007,218.039993,218.039993,401900
218.229996,219.820007,216.990005,219.720001,219.720001,262800
219.720001,222.330002,218.660004,221.070007,221.070007,211100
221.169998,223.880005,220.639999,222.339996,222.339996,397100
222.740005,224.5,221.520004,222.580002,222.580002,410100
224.199997,226.199997,222.429993,226.080002,226.080002,346700
227.25,229.009995,225.470001,227.899994,227.899994,637900
226.169998,227.0,224.699997,226.25,226.25,500900
224.509995,226.639999,223.559998,225.380005,225.380005,393600
225.550003,227.389999,224.5,224.979996,224.979996,245500
225.110001,226.539993,220.710007,221.910004,221.910004,255800
222.479996,224.169998,220.639999,222.899994,222.899994,520100
222.029999,223.75,216.110001,217.490005,217.490005,401800
217.779999,219.779999,216.759995,217.339996,217.339996,428700
218.309998,219.429993,211.660004,212.740005,212.740005,416300
212.330002,218.699997,212.330002,217.470001,217.470001,314400
217.940002,220.860001,217.330002,217.940002,217.940002,475400
216.830002,221.5,215.279999,221.279999,221.279999,325500
222.089996,222.729996,218.029999,218.820007,218.820007,234000
220.259995,222.360001,217.25,221.839996,221.839996,407300
222.179993,225.940002,222.179993,225.529999,225.529999,346300
226.429993,229.979996,226.429993,229.509995,229.509995,540200
236.880005,237.940002,230.350006,234.100006,234.100006,684400
232.949997,235.929993,231.559998,234.160004,234.160004,416500
235.309998,237.520004,234.589996,237.460007,237.460007,329600
237.460007,238.720001,236.110001,238.149994,238.149994,198700
238.979996,239.669998,236.539993,237.919998,237.919998,253700
236.630005,240.5,236.630005,239.789993,239.789993,340800
239.809998,241.610001,238.410004,239.100006,239.100006,300800
239.149994,243.740005,238.149994,242.820007,242.820007,380600
243.179993,248.649994,242.270004,248.139999,248.139999,539500
248.289993,248.720001,243.440002,248.550003,248.550003,369300
249.800003,252.399994,247.020004,248.070007,248.070007,474600
247.669998,251.410004,247.539993,251.130005,251.130005,484000
252.490005,252.490005,247.619995,247.979996,247.979996,331800
248.720001,249.0,239.350006,241.270004,241.270004,513800
240.639999,242.490005,235.669998,237.759995,237.759995,619100
238.169998,245.25,237.0,244.929993,244.929993,537300
244.929993,244.929993,227.789993,236.149994,236.149994,1092300
234.690002,243.039993,234.25,240.800003,240.800003,521700
241.0,243.369995,238.380005,242.639999,242.639999,440800
242.059998,244.309998,240.559998,242.910004,242.910004,357900
243.990005,246.210007,243.779999,245.520004,245.520004,515500
243.990005,246.770004,243.490005,246.220001,246.220001,545600
246.729996,249.179993,244.270004,244.630005,244.630005,380300
242.919998,245.830002,242.039993,243.520004,243.520004,299000
243.649994,245.470001,240.320007,240.570007,240.570007,384300
242.050003,244.910004,239.880005,243.369995,243.369995,316200
241.479996,242.809998,238.440002,241.570007,241.570007,286300
242.990005,244.039993,241.610001,243.259995,243.259995,302900
242.979996,243.889999,240.889999,243.5,243.5,309300
244.830002,245.570007,240.729996,242.479996,242.479996,480100
242.699997,245.410004,242.330002,242.520004,242.520004,392000
242.0,246.539993,241.309998,245.889999,245.889999,304000
245.860001,248.990005,245.339996,245.970001,245.970001,408700
246.710007,251.300003,245.740005,249.5,249.5,497100
250.669998,255.089996,248.639999,251.339996,251.339996,492400
251.619995,253.460007,250.839996,251.699997,251.699997,309200
251.699997,256.220001,251.699997,254.460007,254.460007,449900
253.75,254.770004,252.110001,253.479996,253.479996,307400
253.369995,255.149994,252.210007,254.039993,254.039993,374800
253.369995,254.279999,249.639999,251.0,251.0,526300
251.089996,251.699997,243.639999,245.649994,245.649994,734400
245.429993,247.300003,242.839996,244.259995,244.259995,511500
244.169998,246.399994,241.919998,242.550003,242.550003,379200
244.5,247.990005,243.550003,246.110001,246.110001,508200
246.479996,248.089996,241.320007,242.429993,242.429993,641000
242.399994,246.059998,241.699997,245.649994,245.649994,343500
246.139999,249.75,245.710007,249.289993,249.289993,362700
248.940002,249.889999,247.070007,247.940002,247.940002,320300
247.720001,248.860001,242.110001,242.940002,242.940002,377500
243.669998,247.699997,242.0,245.220001,245.220001,543000
244.929993,245.729996,240.020004,240.899994,240.899994,509200
241.960007,243.720001,239.259995,242.020004,242.020004,713800
243.5,244.130005,240.789993,241.130005,241.130005,668700
239.660004,243.210007,239.009995,242.710007,242.710007,345700
243.369995,245.970001,242.729996,245.839996,245.839996,293700
246.690002,247.979996,243.479996,244.389999,244.389999,309700
244.279999,249.830002,244.279999,248.679993,248.679993,411200
248.460007,250.679993,248.139999,249.660004,249.660004,383100
250.0,252.690002,247.779999,248.919998,248.919998,272900
249.110001,249.919998,241.630005,242.380005,242.380005,473800
243.600006,245.149994,238.809998,239.360001,239.360001,434100
237.899994,238.199997,229.820007,231.110001,231.110001,643300
231.110001,233.5,226.279999,229.240005,229.240005,496500
228.440002,229.940002,220.509995,224.289993,224.289993,667700
223.690002,227.119995,222.0,223.899994,223.899994,567900
223.600006,224.910004,216.639999,217.210007,217.210007,591400
216.410004,219.990005,212.550003,214.110001,214.110001,531300
219.600006,223.330002,216.410004,222.419998,222.419998,850100
221.899994,222.039993,216.860001,216.899994,216.899994,390300
219.300003,226.25,219.300003,225.789993,225.789993,335900
225.039993,229.100006,223.619995,228.490005,228.490005,486900
228.300003,228.710007,223.039993,224.330002,224.330002,518700
226.399994,227.970001,217.350006,218.399994,218.399994,486900
218.300003,220.990005,214.399994,219.779999,219.779999,428200
216.639999,219.539993,211.009995,218.119995,218.119995,498900
218.0,220.630005,206.399994,206.949997,206.949997,655100
208.25,213.669998,205.570007,210.779999,210.779999,580100
204.559998,207.990005,200.850006,203.449997,203.449997,1205600
206.75,209.100006,199.860001,203.910004,203.910004,688400
204.210007,210.460007,203.75,210.220001,210.220001,683500
213.490005,216.110001,210.889999,212.119995,212.119995,831300
196.880005,207.800003,190.0,205.059998,205.059998,1582400
206.0,209.869995,195.009995,204.910004,204.910004,1044500
205.440002,205.529999,198.399994,201.449997,201.449997,626300
201.830002,204.089996,200.130005,202.270004,202.270004,572300
203.979996,210.149994,203.119995,209.789993,209.789993,551300
209.649994,212.179993,208.350006,209.669998,209.669998,508000
208.720001,209.399994,203.419998,207.169998,207.169998,464300
206.240005,207.229996,198.0,198.820007,198.820007,463500
198.0,202.25,196.5,198.839996,198.839996,533000
200.5,202.240005,195.169998,196.690002,196.690002,390500
195.630005,200.970001,193.369995,200.570007,200.570007,449100
199.910004,203.119995,198.449997,201.369995,201.369995,530000
201.300003,201.300003,191.059998,193.520004,193.520004,576900
190.619995,194.330002,188.75,192.160004,192.160004,535800
193.179993,195.470001,190.080002,193.490005,193.490005,438400
192.179993,195.830002,192.160004,192.649994,192.649994,152400
194.050003,196.990005,192.589996,196.699997,196.699997,427100
196.259995,198.009995,193.169998,194.399994,194.399994,406500
194.550003,202.729996,194.550003,202.410004,202.410004,487300
200.699997,202.410004,198.990005,201.119995,201.119995,408200
201.360001,204.369995,200.490005,203.759995,203.759995,516100
206.25,207.279999,204.369995,206.360001,206.360001,519900
206.679993,207.75,194.639999,196.800003,196.800003,822300
194.070007,199.970001,189.460007,199.690002,199.690002,860300
198.399994,199.550003,188.559998,190.009995,190.009995,621700
190.169998,196.240005,188.990005,196.0,196.0,591800
198.399994,199.660004,195.009995,196.470001,196.470001,500300
199.720001,202.800003,198.880005,199.729996,199.729996,430400
200.740005,201.020004,193.190002,194.970001,194.970001,444700
192.979996,193.75,189.580002,190.270004,190.270004,545500
189.470001,189.660004,182.419998,183.789993,183.789993,800500
185.600006,190.020004,183.770004,187.570007,187.570007,617600
188.339996,192.979996,181.529999,183.899994,183.899994,621800
182.5,187.820007,180.0,185.039993,185.039993,1102900
184.899994,188.979996,182.899994,184.940002,184.940002,1351100
183.820007,184.380005,176.169998,176.179993,176.179993,445900
176.149994,185.630005,176.149994,185.600006,185.600006,455100
182.759995,187.949997,180.5,187.949997,187.949997,647800
189.059998,189.350006,182.919998,185.880005,185.880005,542800
187.449997,187.970001,183.380005,186.020004,186.020004,680500
182.490005,184.169998,180.75,182.460007,182.460007,550200
181.309998,181.910004,176.110001,178.020004,178.020004,560300
180.710007,188.990005,180.710007,187.429993,187.429993,892200
187.919998,190.0,185.25,186.889999,186.889999,648700
188.839996,189.610001,184.520004,189.289993,189.289993,544400
190.270004,194.5,190.240005,192.220001,192.220001,575000
191.419998,193.119995,190.100006,192.720001,192.720001,303300
191.860001,193.009995,190.770004,192.910004,192.910004,355600
191.889999,192.600006,189.690002,189.789993,189.789993,509700
190.589996,196.289993,190.520004,196.009995,196.009995,586600
196.080002,199.679993,195.070007,197.240005,197.240005,995200
196.270004,199.210007,196.080002,196.899994,196.899994,472100
198.899994,200.979996,196.289993,200.869995,200.869995,796300
199.639999,201.429993,198.820007,201.309998,201.309998,473100
201.889999,204.039993,198.470001,201.639999,201.639999,369700
202.100006,206.449997,200.490005,206.160004,206.160004,617900
207.880005,209.490005,206.860001,208.850006,208.850006,483800
207.850006,207.869995,204.050003,205.699997,205.699997,424100
205.179993,207.110001,203.369995,204.289993,204.289993,475100
204.839996,209.529999,204.25,207.679993,207.679993,515600
208.110001,213.0,207.110001,212.779999,212.779999,674800
214.029999,214.5,201.589996,205.380005,205.380005,1292700
205.5,207.850006,202.179993,203.160004,203.160004,533900
203.509995,209.0,203.279999,207.979996,207.979996,673500
207.720001,209.75,207.190002,208.830002,208.830002,504400
207.270004,207.649994,204.289993,206.809998,206.809998,435300
206.020004,207.899994,204.809998,207.740005,207.740005,374700
208.410004,209.889999,206.410004,206.639999,206.639999,343000
208.039993,210.059998,206.779999,209.5,209.5,348000
210.320007,211.470001,209.100006,210.389999,210.389999,382700
209.490005,209.860001,205.210007,206.940002,206.940002,613700
208.580002,210.320007,207.009995,210.259995,210.259995,438600
210.089996,211.889999,209.0,211.320007,211.320007,484200
211.380005,212.5,210.649994,211.440002,211.440002,515000
210.770004,210.770004,204.779999,205.990005,205.990005,651600
206.490005,209.509995,206.279999,209.179993,209.179993,420500
210.440002,212.75,209.940002,210.100006,210.100006,492800
210.070007,210.070007,207.029999,207.740005,207.740005,427100
207.080002,209.229996,206.360001,208.970001,208.970001,279000
208.850006,212.139999,208.0,211.029999,211.029999,630100
213.25,216.850006,213.160004,215.929993,215.929993,520200
217.75,217.889999,212.149994,213.410004,213.410004,637600
213.100006,213.860001,210.259995,210.800003,210.800003,609700
211.669998,212.289993,207.300003,207.809998,207.809998,506800
207.350006,207.710007,203.240005,203.889999,203.889999,432600
202.630005,203.399994,198.75,201.740005,201.740005,712200
202.929993,205.960007,201.669998,204.720001,204.720001,506400
205.770004,205.990005,203.610001,205.970001,205.970001,417900
206.619995,211.070007,206.309998,209.889999,209.889999,480600
209.820007,210.960007,208.020004,210.869995,210.869995,473400
211.300003,216.350006,211.300003,216.210007,216.210007,941400
216.649994,217.970001,213.339996,215.740005,215.740005,551600
216.990005,219.0,216.479996,218.300003,218.300003,405100
217.350006,220.809998,216.440002,219.270004,219.270004,406900
219.039993,226.149994,219.039993,225.690002,225.690002,620000
225.229996,225.580002,219.320007,219.429993,219.429993,496200
219.309998,220.809998,217.889999,219.240005,219.240005,398300
221.059998,222.589996,219.089996,220.0,220.0,327200
220.710007,220.710007,215.389999,218.839996,218.839996,375700
218.919998,220.770004,217.589996,220.559998,220.559998,341300
221.929993,224.199997,220.820007,223.600006,223.600006,420100
225.520004,228.179993,222.699997,225.119995,225.119995,428500
225.490005,225.949997,223.509995,224.919998,224.919998,485700
226.720001,228.210007,225.199997,227.580002,227.580002,480600
227.779999,227.800003,222.839996,225.929993,225.929993,429800
226.449997,228.979996,226.389999,227.770004,227.770004,341900
226.830002,228.0,224.380005,227.75,227.75,788800
227.130005,228.589996,224.149994,224.779999,224.779999,425600
224.679993,226.139999,223.679993,224.520004,224.520004,526400
225.479996,225.889999,221.5,223.759995,223.759995,444600
225.220001,227.339996,223.710007,225.320007,225.320007,332000
225.839996,226.270004,223.830002,225.220001,225.220001,251400
227.100006,228.199997,221.0,222.169998,222.169998,341800
223.429993,223.830002,214.820007,215.529999,215.529999,508800
216.889999,219.080002,214.25,218.490005,218.490005,515000
216.820007,222.789993,216.820007,221.589996,221.589996,321200
221.0,226.300003,220.660004,224.449997,224.449997,560600
225.009995,226.479996,223.470001,224.580002,224.580002,414900
223.979996,228.320007,222.25,227.669998,227.669998,412300
227.789993,233.059998,227.050003,232.470001,232.470001,413700
231.669998,233.210007,229.009995,230.679993,230.679993,390200
230.990005,232.940002,230.039993,232.0,232.0,518300
231.630005,240.869995,230.0,234.059998,234.059998,713200
234.630005,242.509995,234.130005,242.339996,242.339996,680500
242.419998,251.380005,242.419998,250.470001,250.470001,852600
245.330002,252.339996,244.050003,251.880005,251.880005,513900
248.440002,250.220001,243.589996,245.449997,245.449997,645100
243.929993,247.410004,242.5,245.789993,245.789993,456300
243.570007,246.710007,241.789993,246.220001,246.220001,550800
245.410004,248.929993,240.839996,247.830002,247.830002,630400
242.899994,244.550003,240.559998,242.619995,242.619995,497900
243.240005,247.570007,243.0,246.179993,246.179993,426600
243.789993,250.350006,243.789993,249.550003,249.550003,357900
250.539993,255.300003,249.779999,251.970001,251.970001,547900
249.850006,252.130005,248.679993,249.559998,249.559998,507900
247.919998,250.270004,245.839996,248.539993,248.539993,268100
250.559998,252.75,249.160004,249.330002,249.330002,336000
249.119995,251.089996,247.520004,250.380005,250.380005,358300
252.580002,253.639999,248.029999,253.570007,253.570007,461800
254.470001,258.420013,254.470001,256.109985,256.109985,372500
256.100006,258.450012,246.720001,246.850006,246.850006,644100
245.789993,249.100006,243.860001,247.449997,247.449997,650500
248.070007,251.320007,247.479996,249.699997,249.699997,258300
247.639999,251.869995,245.860001,249.770004,249.770004,308200
250.050003,252.669998,245.0,245.589996,245.589996,418300
249.649994,253.210007,248.029999,252.880005,252.880005,469500
253.639999,257.630005,253.639999,256.600006,256.600006,329700
256.76001,261.369995,256.390015,259.679993,259.679993,320400
261.299988,265.899994,261.299988,264.920013,264.920013,369600
266.040009,269.519989,266.040009,268.470001,268.470001,300400
269.859985,271.339996,261.549988,263.929993,263.929993,358100
264.470001,266.220001,262.359985,265.049988,265.049988,321700
265.820007,267.320007,262.529999,267.160004,267.160004,253700
267.119995,268.850006,266.059998,267.73999,267.73999,284200
267.850006,270.5,265.5,268.25,268.25,261400
271.450012,272.25,268.029999,269.720001,269.720001,342200
269.200012,275.190002,268.170013,274.279999,274.279999,262100
277.570007,278.609985,272.480011,272.880005,272.880005,405200
272.73999,275.0,270.200012,273.929993,273.929993,557500
274.809998,275.940002,272.820007,275.01001,275.01001,274100
275.589996,276.0,270.679993,271.309998,271.309998,299300
272.329987,272.670013,268.529999,269.890015,269.890015,301500
270.459991,273.829987,270.01001,272.049988,272.049988,243200
272.01001,275.970001,270.589996,275.329987,275.329987,646300
278.25,281.299988,276.450012,280.160004,280.160004,518100
279.910004,280.700012,275.459991,277.01001,277.01001,417800
278.440002,279.910004,276.720001,278.869995,278.869995,280700
276.570007,278.73999,273.390015,278.48999,278.48999,256500
277.579987,277.679993,274.820007,276.75,276.75,298300
275.410004,280.179993,274.540009,279.549988,279.549988,489100
280.51001,284.369995,280.299988,282.529999,282.529999,518100
283.070007,285.859985,280.559998,285.459991,285.459991,304200
283.51001,285.329987,282.869995,284.23999,284.23999,324300
284.470001,284.470001,282.179993,284.079987,284.079987,286800
284.079987,285.399994,282.589996,283.660004,283.660004,248900
283.76001,286.790009,283.76001,284.730011,284.730011,237200
283.359985,290.390015,283.359985,289.850006,289.850006,360000
291.160004,292.170013,284.269989,284.690002,284.690002,384400
285.880005,289.829987,285.519989,287.070007,287.070007,274800
288.059998,288.700012,284.940002,286.820007,286.820007,208400
288.640015,289.470001,283.649994,285.399994,285.399994,388700
284.209991,285.149994,282.200012,283.559998,283.559998,285300
285.220001,285.649994,282.679993,283.940002,283.940002,239000
284.329987,285.070007,281.040009,284.910004,284.910004,335900
283.440002,286.410004,283.190002,286.049988,286.049988,285300
286.48999,286.880005,278.679993,282.049988,282.049988,448800
268.51001,281.279999,259.730011,268.299988,268.299988,1091100
268.890015,272.519989,265.019989,268.709991,268.709991,452700
264.130005,266.209991,256.269989,260.070007,260.070007,624400
262.209991,270.899994,262.200012,270.380005,270.380005,625000
267.339996,269.75,262.910004,267.869995,267.869995,390800
269.890015,276.029999,269.890015,275.570007,275.570007,384200
274.440002,280.549988,274.130005,278.859985,278.859985,430200
278.119995,279.480011,274.109985,275.779999,275.779999,296200
274.290009,281.130005,274.079987,280.910004,280.910004,381500
276.970001,278.380005,269.76001,269.809998,269.809998,426400
272.359985,276.559998,270.51001,273.070007,273.070007,321800
276.290009,279.23999,274.230011,275.410004,275.410004,375600
278.769989,280.220001,276.26001,279.529999,279.529999,246600
279.920013,283.410004,277.309998,281.410004,281.410004,337600
282.880005,284.149994,280.130005,280.959991,280.959991,180800
282.26001,282.26001,276.089996,279.880005,279.880005,190600
279.25,281.929993,269.230011,270.440002,270.440002,427800
273.839996,277.279999,272.5,277.130005,277.130005,529200
279.040009,285.140015,277.070007,284.769989,284.769989,612700
282.619995,287.079987,281.01001,285.559998,285.559998,456400
288.100006,290.850006,286.339996,289.290009,289.290009,331500
291.049988,291.049988,287.220001,289.73999,289.73999,300600
288.890015,290.420013,283.529999,286.079987,286.079987,326100
288.209991,289.23999,284.730011,288.899994,288.899994,408600
291.209991,291.640015,287.769989,289.929993,289.929993,353700
289.950012,290.980011,288.209991,288.470001,288.470001,273100
289.049988,289.049988,266.299988,267.200012,267.200012,648600
265.040009,267.76001,257.01001,267.630005,267.630005,531600
270.040009,274.549988,268.420013,270.98999,270.98999,439000
272.600006,274.470001,270.869995,271.049988,271.049988,382800
270.589996,271.690002,264.950012,265.470001,265.470001,465100
262.910004,267.350006,261.859985,265.640015,265.640015,308900
266.269989,272.470001,266.269989,271.859985,271.859985,379400
271.579987,275.350006,269.01001,272.730011,272.730011,362700
273.630005,276.369995,273.230011,273.790009,273.790009,237100
272.420013,276.540009,272.230011,274.170013,274.170013,524500
272.399994,277.059998,271.209991,275.790009,275.790009,477100
277.76001,279.440002,271.339996,272.130005,272.130005,670500
272.5,275.700012,270.420013,274.799988,274.799988,323200
274.630005,277.23999,272.019989,275.059998,275.059998,281500
276.380005,276.380005,270.570007,272.480011,272.480011,263400
272.480011,274.790009,270.209991,271.929993,271.929993,459300
273.399994,275.450012,265.790009,268.980011,268.980011,390800
266.839996,270.079987,264.070007,268.709991,268.709991,726400
267.529999,271.48999,265.179993,270.029999,270.029999,327600
272.089996,277.179993,272.089996,276.600006,276.600006,275600
274.920013,276.420013,271.399994,272.049988,272.049988,359900
270.690002,271.600006,265.899994,267.720001,267.720001,272000
268.910004,273.079987,268.910004,271.910004,271.910004,214000
270.279999,274.079987,268.450012,272.23999,272.23999,178900
276.380005,279.040009,275.0,276.799988,276.799988,262100
277.350006,279.200012,275.019989,275.679993,275.679993,165700
277.579987,282.600006,276.820007,282.26001,282.26001,236300
280.059998,281.459991,277.049988,279.570007,279.570007,279600
281.049988,282.820007,278.609985,282.130005,282.130005,187400
282.450012,283.440002,280.480011,282.829987,282.829987,294900
285.440002,285.450012,278.100006,278.880005,278.880005,239200
279.070007,280.019989,270.720001,270.839996,270.839996,230900
270.76001,273.649994,266.720001,267.929993,267.929993,372000
267.98999,271.859985,266.709991,268.329987,268.329987,411800
268.630005,271.130005,268.109985,268.290009,268.290009,370600
267.910004,269.23999,265.309998,266.420013,266.420013,513300
265.559998,273.459991,264.480011,270.869995,270.869995,763100
270.880005,274.059998,270.0,273.850006,273.850006,332500
272.25,294.570007,270.5,285.01001,285.01001,730900
285.559998,287.920013,276.5,276.869995,276.869995,572900
278.859985,282.290009,277.519989,278.660004,278.660004,544200
277.950012,278.390015,263.220001,264.149994,264.149994,956100
263.73999,266.0,261.23999,261.450012,261.450012,551200
261.859985,264.98999,261.820007,263.140015,263.140015,411400
263.0,264.200012,254.419998,254.740005,254.740005,771800
253.580002,256.25,251.600006,252.679993,252.679993,426500
252.25,258.959991,252.25,257.51001,257.51001,534500
258.019989,260.190002,257.089996,259.309998,259.309998,380400
258.529999,262.070007,256.01001,257.359985,257.359985,437600
258.0,261.109985,256.48999,259.779999,259.779999,637300
259.790009,262.339996,258.410004,260.529999,260.529999,577100
261.660004,265.959991,259.950012,264.600006,264.600006,460000
264.130005,266.450012,257.549988,260.5,260.5,653000
260.369995,261.540009,257.779999,260.690002,260.690002,462000
260.880005,261.0,255.360001,257.019989,257.019989,443100
256.869995,259.089996,251.139999,251.869995,251.869995,635700
251.0,255.639999,250.5,252.850006,252.850006,1295600
254.300003,255.369995,249.809998,250.699997,250.699997,498500
249.360001,254.279999,249.360001,251.580002,251.580002,354600
251.330002,252.630005,248.009995,251.300003,251.300003,415300
250.080002,255.710007,246.740005,248.660004,248.660004,520800
249.979996,253.240005,248.130005,251.860001,251.860001,634800
251.800003,253.300003,250.880005,251.860001,251.860001,349100
253.910004,254.520004,251.050003,251.369995,251.369995,293800
251.100006,253.020004,248.550003,249.020004,249.020004,412800
249.619995,252.940002,249.520004,252.839996,252.839996,515000
252.279999,254.710007,249.720001,250.449997,250.449997,412700
250.869995,252.949997,249.529999,251.880005,251.880005,536500
251.770004,256.350006,251.119995,252.899994,252.899994,487800
253.820007,257.480011,253.320007,255.470001,255.470001,406900
255.309998,257.899994,253.25,257.170013,257.170013,457800
257.380005,258.589996,252.520004,253.089996,253.089996,494500
255.0,256.619995,252.589996,256.190002,256.190002,425300
257.579987,261.920013,253.649994,261.549988,261.549988,1079400
263.339996,265.309998,260.579987,263.980011,263.980011,515000
265.130005,265.929993,261.459991,263.26001,263.26001,196700
263.100006,263.100006,259.779999,261.429993,261.429993,205900
261.899994,264.290009,259.670013,263.980011,263.980011,303900
264.119995,265.540009,260.519989,261.600006,261.600006,318100
262.070007,262.929993,259.899994,261.130005,261.130005,400700
261.529999,265.26001,260.48999,265.019989,265.019989,445500
260.869995,266.390015,259.98999,264.769989,264.769989,399100
263.899994,267.179993,261.320007,266.929993,266.929993,579000
267.290009,269.459991,265.369995,266.119995,266.119995,418400
267.890015,274.649994,266.109985,271.679993,271.679993,717500
273.940002,278.190002,271.98999,277.940002,277.940002,567600
279.529999,283.73999,277.329987,281.640015,281.640015,578000
281.75,284.350006,280.019989,282.290009,282.290009,478900
281.549988,285.450012,279.829987,284.019989,284.019989,468500
285.130005,288.920013,282.660004,288.48999,288.48999,501900
289.029999,291.5,287.190002,289.920013,289.920013,363900
290.880005,291.040009,285.209991,285.799988,285.799988,608100
284.640015,287.429993,283.709991,284.839996,284.839996,654500
285.149994,290.140015,285.149994,287.619995,287.619995,401800
287.859985,287.98999,283.450012,285.899994,285.899994,454300
288.209991,289.25,279.179993,280.769989,280.769989,345100
277.149994,279.25,275.019989,277.309998,277.309998,368700
277.350006,279.809998,276.480011,278.640015,278.640015,578900
279.799988,283.140015,276.98999,280.799988,280.799988,363300
278.799988,283.98999,276.519989,283.730011,283.730011,497700
280.140015,289.959991,269.48999,271.01001,271.01001,910200
276.079987,281.519989,274.25,275.769989,275.769989,569600
280.579987,285.959991,277.820007,279.119995,279.119995,492200
281.869995,282.160004,272.809998,274.399994,274.399994,510500
275.269989,281.369995,274.429993,280.670013,280.670013,542800
280.589996,281.079987,277.700012,278.399994,278.399994,239700
277.940002,279.649994,276.940002,279.149994,279.149994,348200
280.329987,284.359985,280.040009,283.380005,283.380005,293100
284.209991,285.880005,280.339996,283.279999,283.279999,314500
283.160004,286.5,281.850006,285.049988,285.049988,283900
285.269989,289.01001,283.399994,288.779999,288.779999,286800
288.380005,289.350006,285.76001,286.75,286.75,455300
288.0,296.25,288.0,290.970001,290.970001,734100
290.220001,292.970001,278.5,281.450012,281.450012,696500
280.640015,281.48999,276.790009,278.109985,278.109985,443300
274.470001,275.609985,267.359985,269.809998,269.809998,595400
270.220001,272.019989,255.350006,256.709991,256.709991,649000
258.649994,265.769989,258.23999,259.450012,259.450012,583900
255.940002,261.720001,250.0,250.149994,250.149994,610100
242.220001,254.940002,238.039993,254.509995,254.509995,1614600
254.929993,262.329987,247.669998,261.98999,261.98999,700700
259.25,263.730011,247.630005,251.25,251.25,728900
256.070007,263.339996,251.0,263.029999,263.029999,602600
258.170013,260.01001,250.970001,255.160004,255.160004,524400
245.440002,250.830002,242.75,249.889999,249.889999,559200
236.100006,246.339996,230.559998,242.830002,242.830002,909800
251.990005,256.0,241.350006,255.360001,255.360001,605500
245.589996,252.639999,243.369995,245.580002,245.580002,694300
230.160004,246.669998,225.75,241.0,241.0,1405500
243.509995,255.539993,230.330002,254.169998,254.169998,1371000
231.940002,240.229996,223.710007,223.830002,223.830002,1332000
228.929993,236.880005,208.410004,215.880005,215.880005,1271000
204.339996,213.289993,199.179993,205.130005,205.130005,1569300
204.020004,207.949997,185.029999,193.179993,193.179993,1852300
193.949997,196.940002,180.190002,183.289993,183.289993,1539200
181.960007,187.25,168.649994,182.940002,182.940002,1386200
190.380005,207.059998,186.729996,204.990005,204.990005,1065900
204.779999,223.850006,200.660004,214.229996,214.229996,892300
213.059998,232.479996,212.199997,230.380005,230.380005,740500
223.539993,237.050003,223.539993,231.75,231.75,857900
235.899994,244.279999,230.509995,241.020004,241.020004,805200
239.369995,256.649994,239.160004,242.240005,242.240005,1175500
237.809998,239.279999,227.699997,230.660004,230.660004,940600
226.020004,240.759995,226.020004,239.699997,239.699997,786700
237.880005,244.0,233.25,234.550003,234.550003,946400
246.259995,255.639999,243.369995,254.429993,254.429993,743300
260.660004,264.98999,247.639999,251.740005,251.740005,723700
249.419998,256.25,244.979996,254.729996,254.729996,820200
256.019989,261.059998,252.869995,258.579987,258.579987,633300
254.729996,257.149994,246.399994,254.389999,254.389999,402700
256.23999,264.980011,254.399994,263.01001,263.01001,486500
255.020004,260.970001,251.220001,257.820007,257.820007,443900
261.130005,266.329987,258.0,261.119995,261.119995,421300
268.290009,268.290009,260.630005,265.160004,265.160004,416300
263.380005,273.279999,262.01001,267.339996,267.339996,471500
263.0,265.380005,256.429993,259.230011,259.230011,428400
261.720001,269.869995,261.190002,268.119995,268.119995,521300
268.140015,274.600006,267.230011,268.410004,268.410004,422800
271.549988,274.320007,268.179993,271.799988,271.799988,416100
271.970001,278.850006,269.029999,275.850006,275.850006,559100
275.0,276.950012,263.950012,264.25,264.25,582600
267.76001,274.670013,265.040009,272.73999,272.73999,627500
276.980011,289.0,272.73999,277.600006,277.600006,760900
277.51001,278.940002,268.570007,270.75,270.75,547000
269.109985,274.899994,266.0,273.76001,273.76001,484500
272.910004,284.950012,271.01001,282.079987,282.079987,459600
283.670013,288.540009,282.100006,283.589996,283.589996,562700
288.0,295.600006,286.649994,294.26001,294.26001,693000
296.279999,298.640015,287.519989,287.899994,287.899994,538800
287.0,300.579987,286.899994,299.450012,299.450012,592500
298.619995,299.670013,289.100006,289.149994,289.149994,480200
288.579987,292.75,282.630005,285.98999,285.98999,453000
281.549988,295.970001,280.529999,294.98999,294.98999,603000
290.01001,297.929993,290.0,294.380005,294.380005,871200
297.179993,302.98999,294.220001,295.929993,295.929993,453200
296.549988,299.25,292.600006,294.839996,294.839996,446300
295.040009,297.910004,292.589996,295.540009,295.540009,469500
292.23999,294.910004,288.5,292.660004,292.660004,364100
290.440002,295.040009,289.100006,294.720001,294.720001,337400
298.630005,298.630005,290.179993,290.839996,290.839996,503400
291.170013,301.109985,291.0,300.920013,300.920013,655600
302.559998,311.970001,301.290009,306.130005,306.130005,647500
307.76001,310.549988,303.049988,308.880005,308.880005,1514700
308.649994,314.98999,307.190002,312.190002,312.190002,420000
313.829987,316.899994,309.410004,316.480011,316.480011,533500
315.440002,319.0,314.589996,318.029999,318.029999,481400
318.149994,319.279999,308.320007,310.079987,310.079987,614000
310.619995,317.660004,306.690002,311.709991,311.709991,597700
308.570007,312.730011,306.26001,309.670013,309.670013,594200
309.320007,311.070007,302.410004,303.0,303.0,460900
305.459991,324.299988,304.980011,321.890015,321.890015,688000
320.200012,320.890015,294.369995,298.809998,298.809998,726100
304.959991,311.649994,298.040009,302.829987,302.829987,493700
296.619995,310.299988,294.170013,309.220001,309.220001,439900
315.149994,315.730011,307.799988,312.48999,312.48999,370700
314.859985,318.73999,313.109985,316.209991,316.209991,373200
313.690002,316.589996,311.859985,313.019989,313.019989,413400
315.5,320.309998,310.100006,314.670013,314.670013,916400
314.920013,327.0,311.48999,325.290009,325.290009,713900
326.890015,330.290009,323.459991,327.690002,327.690002,497000
323.299988,328.609985,315.519989,319.380005,319.380005,543800
319.709991,327.790009,314.570007,327.390015,327.390015,518300
328.450012,331.01001,323.0,324.859985,324.859985,738500
328.190002,328.350006,322.0,327.899994,327.899994,387700
327.609985,332.679993,324.380005,330.160004,330.160004,777500
331.73999,337.160004,329.899994,334.540009,334.540009,374400
338.76001,339.809998,333.019989,334.76001,334.76001,460300
339.450012,344.809998,337.630005,339.470001,339.470001,401700
338.279999,343.0,336.839996,337.299988,337.299988,235600
337.929993,339.649994,333.549988,336.119995,336.119995,314600
337.559998,343.730011,333.700012,341.170013,341.170013,335100
341.01001,341.549988,334.420013,338.25,338.25,293400
340.73999,345.399994,333.670013,335.140015,335.140015,416400
332.820007,339.070007,329.690002,338.470001,338.470001,360300
340.559998,342.98999,336.619995,340.73999,340.73999,274800
339.369995,340.679993,334.589996,339.200012,339.200012,277500
339.779999,352.720001,339.130005,349.850006,349.850006,382200
353.51001,363.0,352.579987,361.0,361.0,413200
364.160004,366.040009,360.410004,363.320007,363.320007,329100
366.820007,372.329987,362.369995,365.230011,365.230011,350300
366.320007,368.709991,358.190002,360.839996,360.839996,409600
359.540009,361.230011,353.170013,359.230011,359.230011,279700
359.0,368.640015,359.0,366.670013,366.670013,358700
365.839996,368.0,360.649994,361.649994,361.649994,289000
363.350006,369.690002,361.940002,366.910004,366.910004,352700
363.799988,375.480011,361.26001,374.100006,374.100006,468900
382.920013,407.859985,382.5,397.75,397.75,783200
398.019989,399.839996,390.170013,391.98999,391.98999,651700
393.769989,394.709991,385.220001,390.25,390.25,661200
393.119995,396.410004,388.820007,395.709991,395.709991,579700
394.01001,395.73999,384.190002,389.779999,389.779999,431900
387.959991,392.309998,377.720001,381.76001,381.76001,567000
380.829987,382.290009,376.160004,377.190002,377.190002,621900
376.200012,379.390015,372.179993,374.029999,374.029999,528200
375.019989,387.839996,375.019989,384.829987,384.829987,444200
385.980011,389.5,382.700012,385.25,385.25,415600
384.779999,386.0,377.399994,379.399994,379.399994,476700
381.910004,385.470001,381.670013,384.390015,384.390015,508400
384.01001,387.75,381.559998,386.649994,386.649994,338000
389.320007,390.079987,380.910004,381.5,381.5,341600
381.5,385.279999,379.5,383.329987,383.329987,294000
382.700012,384.029999,377.01001,383.459991,383.459991,740100
384.230011,386.679993,378.100006,380.619995,380.619995,386400
380.0,386.350006,377.609985,383.929993,383.929993,346700
382.410004,386.779999,376.609985,386.019989,386.019989,295400
387.619995,389.350006,379.75,386.279999,386.279999,291600
387.790009,389.059998,381.070007,383.980011,383.980011,357800
382.679993,393.399994,382.529999,391.059998,391.059998,411000
393.950012,398.589996,391.25,398.48999,398.48999,400600
399.0,407.450012,398.380005,406.309998,406.309998,508500
406.100006,406.100006,377.190002,381.279999,381.279999,484900
382.109985,383.029999,363.829987,370.660004,370.660004,550700
367.899994,370.220001,361.480011,364.190002,364.190002,400900
366.369995,376.279999,365.049988,374.160004,374.160004,457700
375.049988,378.690002,365.670013,367.76001,367.76001,288900
369.440002,371.779999,360.269989,364.820007,364.820007,359100
370.25,370.25,364.269989,365.559998,365.559998,381200
367.0,372.609985,366.950012,369.23999,369.23999,291400
372.75,372.799988,360.320007,362.359985,362.359985,627700
357.579987,360.459991,350.640015,354.200012,354.200012,702900
355.339996,359.329987,347.540009,354.76001,354.76001,1108100
351.329987,365.23999,348.690002,364.700012,364.700012,532100
364.899994,369.679993,359.209991,368.320007,368.320007,440800
367.779999,372.299988,362.649994,363.869995,363.869995,340500
363.100006,368.799988,361.170013,365.470001,365.470001,279600
364.950012,380.649994,364.579987,377.829987,377.829987,381000
381.809998,387.679993,380.160004,386.369995,386.369995,446100
388.220001,395.209991,385.0,385.059998,385.059998,308300
383.450012,397.26001,383.450012,393.109985,393.109985,533500
396.290009,398.160004,391.880005,394.779999,394.779999,382900
389.700012,393.820007,382.679993,383.850006,383.850006,318800
385.269989,392.829987,385.269989,392.369995,392.369995,295100
391.880005,393.540009,383.119995,384.309998,384.309998,298600
388.019989,391.549988,385.26001,386.230011,386.230011,287900
388.940002,394.390015,385.809998,393.51001,393.51001,205900
395.0,401.959991,393.019989,400.649994,400.649994,283000
404.880005,424.869995,404.880005,419.390015,419.390015,469500
421.809998,424.799988,415.029999,421.420013,421.420013,408600
420.820007,430.859985,416.029999,420.51001,420.51001,314300
416.420013,423.940002,414.679993,422.720001,422.720001,251900
423.76001,429.700012,420.809998,423.75,423.75,269500
424.109985,431.149994,417.540009,419.269989,419.269989,418400
423.809998,426.420013,419.869995,420.089996,420.089996,193700
421.470001,426.420013,416.480011,419.730011,419.730011,237100
421.339996,427.829987,417.570007,423.589996,423.589996,357200
429.670013,429.730011,423.549988,429.660004,429.660004,227000
427.670013,434.929993,426.230011,428.959991,428.959991,394800
430.269989,444.959991,430.269989,443.160004,443.160004,385800
434.5,441.480011,422.109985,422.890015,422.890015,475500
440.0,453.200012,433.089996,441.799988,441.799988,557800
438.470001,441.720001,419.119995,424.820007,424.820007,611100
430.480011,446.73999,428.079987,431.049988,431.049988,552200
437.320007,448.290009,437.320007,444.100006,444.100006,382300
455.26001,482.5,451.579987,469.359985,469.359985,734200
473.98999,480.190002,462.679993,467.970001,467.970001,440500
469.98999,479.149994,466.359985,478.100006,478.100006,519800
485.0,485.0,435.579987,436.450012,436.450012,822900
431.890015,443.720001,421.149994,441.230011,441.230011,865500
443.690002,455.73999,443.690002,455.059998,455.059998,432200
459.619995,462.559998,445.059998,449.220001,449.220001,396400
452.98999,458.350006,448.670013,453.640015,453.640015,254300
452.089996,459.429993,448.820007,455.369995,455.369995,499900
454.619995,457.0,450.540009,455.850006,455.850006,315400
451.359985,455.0,443.649994,444.059998,444.059998,347400
444.769989,457.809998,444.769989,457.190002,457.190002,318500
456.230011,469.130005,455.0,464.290009,464.290009,411400
467.26001,467.26001,449.709991,459.790009,459.790009,440300
459.48999,466.769989,446.459991,446.829987,446.829987,494800
449.23999,454.820007,443.140015,446.480011,446.480011,338900
452.049988,455.970001,446.679993,454.230011,454.230011,173900
454.769989,461.089996,451.309998,460.980011,460.980011,589700
461.98999,468.980011,452.220001,467.859985,467.859985,386700
465.51001,467.5,461.5,462.589996,462.589996,352000
463.850006,467.829987,458.380005,460.070007,460.070007,352600
462.959991,463.26001,455.869995,457.149994,457.149994,387600
455.920013,462.700012,454.200012,459.359985,459.359985,320400
461.920013,461.920013,453.23999,460.690002,460.690002,436200
458.910004,462.450012,449.109985,449.880005,449.880005,436100
450.48999,456.049988,449.040009,454.269989,454.269989,592500
455.570007,457.619995,447.820007,456.230011,456.230011,327200
458.839996,477.369995,457.279999,458.170013,458.170013,460800
460.660004,467.399994,453.799988,464.959991,464.959991,287700
466.529999,474.299988,463.459991,467.579987,467.579987,466600
471.690002,477.799988,468.350006,477.799988,477.799988,369400
478.48999,486.98999,474.0,485.519989,485.519989,898800
480.059998,490.440002,470.26001,489.679993,489.679993,383300
488.01001,499.619995,487.76001,499.149994,499.149994,331500
499.059998,502.0,492.820007,493.679993,493.679993,253100
495.820007,499.119995,493.160004,497.140015,497.140015,69500
503.630005,503.829987,490.25,494.700012,494.700012,216600
497.970001,501.040009,490.049988,494.070007,494.070007,247600
497.700012,501.290009,494.51001,496.959991,496.959991,195400
495.51001,500.410004,492.0,499.869995,499.869995,228400
503.0,504.660004,483.130005,491.769989,491.769989,472300
488.910004,498.929993,487.51001,497.26001,497.26001,356000
489.049988,491.670013,479.359985,483.600006,483.600006,634000
483.48999,497.48999,483.48999,495.190002,495.190002,499500
499.790009,513.559998,499.290009,513.200012,513.200012,401400
515.570007,516.869995,503.829987,506.549988,506.549988,441000
507.089996,509.470001,491.220001,496.730011,496.730011,353200
496.179993,501.559998,494.220001,497.579987,497.579987,299600
497.309998,499.75,487.890015,488.899994,488.899994,333900
487.929993,494.23999,480.929993,489.459991,489.459991,340900
489.23999,489.299988,481.350006,484.929993,484.929993,327200
486.410004,496.779999,485.839996,495.040009,495.040009,285300
493.0,498.559998,487.48999,496.440002,496.440002,254600
490.730011,498.980011,490.0,492.859985,492.859985,329400
492.470001,495.970001,482.089996,489.209991,489.209991,349600
488.350006,488.350006,476.329987,478.100006,478.100006,346900
474.859985,475.809998,455.230011,465.179993,465.179993,583100
465.309998,492.809998,465.309998,482.269989,482.269989,493500
481.049988,491.880005,471.75,478.679993,478.679993,493600
483.019989,497.649994,479.369995,492.420013,492.420013,573000
504.339996,522.900024,502.0,506.649994,506.649994,702000
504.170013,507.630005,484.149994,485.359985,485.359985,605200
487.910004,495.119995,486.029999,494.0,494.0,440600
496.290009,506.0,495.01001,502.640015,502.640015,299200
504.309998,510.25,491.440002,495.76001,495.76001,427600
497.309998,506.279999,493.299988,505.049988,505.049988,442200
509.26001,521.48999,505.309998,516.539978,516.539978,540900
519.299988,529.450012,515.179993,528.469971,528.469971,411800
530.73999,545.849976,528.0,544.080017,544.080017,325000
545.0,548.580017,531.190002,538.159973,538.159973,406200
535.900024,544.559998,532.059998,540.349976,540.349976,371900
537.039978,573.98999,535.169983,551.789978,551.789978,1574200
561.210022,563.559998,542.76001,544.130005,544.130005,655000
547.119995,547.119995,534.01001,536.909973,536.909973,461400
534.820007,535.090027,508.109985,525.219971,525.219971,591100
526.22998,534.75,517.27002,532.880005,532.880005,440200
530.080017,535.380005,509.450012,518.280029,518.280029,427800
522.900024,526.369995,507.339996,520.169983,520.169983,593900
529.679993,541.289978,521.349976,538.169983,538.169983,415900
542.080017,543.280029,527.169983,529.469971,529.469971,312000
524.76001,526.299988,495.579987,498.019989,498.019989,531100
494.899994,497.529999,480.51001,485.850006,485.850006,676100
486.0,504.529999,478.200012,499.700012,499.700012,725000
498.529999,504.369995,481.290009,482.600006,482.600006,605100
500.329987,507.160004,493.089996,493.570007,493.570007,643800
494.01001,505.200012,488.279999,488.779999,488.779999,484700
495.700012,505.0,493.01001,502.940002,502.940002,364700
498.910004,498.910004,486.73999,497.75,497.75,361200
499.890015,513.22998,498.609985,512.76001,512.76001,317400
520.0,521.109985,502.470001,506.920013,506.920013,318100
503.570007,509.140015,497.480011,504.899994,504.899994,403700
493.519989,499.160004,483.420013,484.470001,484.470001,490900
482.579987,487.220001,479.279999,484.880005,484.880005,945900
486.339996,493.940002,485.609985,491.369995,491.369995,620400
490.089996,492.450012,485.119995,487.660004,487.660004,416400
489.100006,489.100006,471.350006,472.970001,472.970001,451400
471.5,474.160004,462.0,472.109985,472.109985,471900
473.029999,481.130005,465.230011,480.220001,480.220001,546300
480.019989,482.790009,469.410004,479.179993,479.179993,471700
474.369995,477.570007,469.100006,475.950012,475.950012,483600
481.519989,495.190002,479.679993,489.309998,489.309998,576700
487.48999,495.200012,484.369995,486.359985,486.359985,440000
488.0,492.609985,482.899994,491.309998,491.309998,359900
493.209991,499.070007,489.670013,492.899994,492.899994,335300
492.540009,493.790009,487.0,489.269989,489.269989,239000
494.869995,500.0,493.23999,499.660004,499.660004,250900
500.079987,504.160004,496.559998,502.880005,502.880005,335600
499.820007,509.970001,498.130005,506.429993,506.429993,433400
509.0,517.679993,508.51001,516.940002,516.940002,406400
519.98999,523.200012,512.830017,514.159973,514.159973,273600
520.0,530.27002,518.469971,528.460022,528.460022,438700
532.429993,536.030029,526.0,535.0,535.0,345400
533.280029,535.400024,526.679993,528.580017,528.580017,316900
529.309998,538.190002,528.23999,532.27002,532.27002,256500
531.530029,546.299988,530.929993,541.080017,541.080017,365400
539.22998,554.320007,538.650024,546.26001,546.26001,388700
551.22998,561.070007,549.320007,559.099976,559.099976,301700
557.98999,561.52002,554.119995,558.419983,558.419983,293300
556.849976,559.669983,552.559998,557.539978,557.539978,209400
554.299988,560.0,551.97998,557.809998,557.809998,213000
560.429993,561.219971,548.0,552.630005,552.630005,271700
549.109985,552.5,544.75,548.98999,548.98999,345900
552.77002,558.539978,546.789978,549.880005,549.880005,428800
559.219971,559.419983,517.5,526.880005,526.880005,610200
532.599976,538.960022,527.98999,529.919983,529.919983,420800
524.309998,535.080017,522.890015,533.179993,533.179993,433000
540.0,553.75,538.109985,544.26001,544.26001,361100
541.01001,542.25,525.25,525.26001,525.26001,476700
520.73999,534.369995,517.780029,528.190002,528.190002,433100
520.0,520.719971,507.660004,512.309998,512.309998,440100
515.429993,522.190002,513.299988,518.070007,518.070007,287100
521.109985,532.400024,517.030029,530.070007,530.070007,305200
526.679993,527.919983,520.799988,523.619995,523.619995,258800
525.200012,531.340027,519.47998,524.859985,524.859985,269300
517.75,528.859985,514.349976,528.140015,528.140015,288700
528.460022,541.609985,528.109985,539.23999,539.23999,274000
542.419983,547.460022,538.309998,539.340027,539.340027,248500
545.0,551.26001,544.26001,549.710022,549.710022,327800
549.450012,556.01001,548.280029,555.190002,555.190002,336000
556.059998,561.330017,552.51001,557.330017,557.330017,454800
557.590027,558.539978,545.909973,554.039978,554.039978,903100
556.77002,565.929993,555.530029,558.109985,558.109985,321800
565.640015,565.950012,548.320007,550.590027,550.590027,294100
547.169983,557.179993,545.460022,547.559998,547.559998,299400
542.309998,552.950012,539.48999,550.299988,550.299988,252600
557.659973,561.659973,555.390015,558.359985,558.359985,333700
556.599976,565.580017,556.179993,560.349976,560.349976,260500
560.77002,567.039978,556.26001,561.309998,561.309998,277700
564.960022,567.880005,561.950012,566.659973,566.659973,230300
567.280029,581.179993,564.599976,580.530029,580.530029,302900
580.359985,584.52002,576.599976,584.469971,584.469971,246500
582.549988,592.929993,580.0,592.359985,592.359985,227400
593.840027,594.429993,587.419983,592.26001,592.26001,308100
593.25,597.47998,587.97998,593.52002,593.52002,408500
591.450012,606.5,591.450012,604.200012,604.200012,336300
605.049988,609.219971,599.940002,601.049988,601.049988,723500
601.049988,608.830017,592.400024,606.630005,606.630005,299200
605.25,612.469971,602.159973,611.640015,611.640015,395900
612.609985,617.460022,606.679993,615.880005,615.880005,332000
617.409973,622.780029,605.369995,614.929993,614.929993,396000
618.880005,621.869995,614.840027,620.640015,620.640015,465300
621.929993,633.73999,621.619995,631.900024,631.900024,357100
629.659973,639.650024,627.22998,637.080017,637.080017,348400
635.559998,637.549988,628.219971,631.549988,631.549988,372700
628.809998,640.460022,627.22998,638.950012,638.950012,316400
643.309998,649.549988,639.539978,648.200012,648.200012,287900
650.0,660.299988,644.669983,658.98999,658.98999,352600
661.900024,667.0,658.549988,665.309998,665.309998,420900
657.840027,662.590027,647.659973,659.940002,659.940002,391600
657.539978,669.200012,653.340027,667.030029,667.030029,332800
661.630005,666.179993,655.530029,659.539978,659.539978,422600
661.450012,664.919983,658.280029,662.580017,662.580017,244600
664.789978,666.98999,657.960022,659.849976,659.849976,342400
659.070007,659.570007,649.390015,657.419983,657.419983,450900
659.549988,670.73999,658.440002,667.76001,667.76001,351700
661.580017,670.840027,659.340027,669.400024,669.400024,335500
670.919983,675.090027,663.080017,669.390015,669.390015,591800
667.840027,671.349976,652.0,670.51001,670.51001,380700
673.130005,683.469971,673.090027,683.030029,683.030029,305300
680.599976,696.349976,679.919983,693.73999,693.73999,243900
691.140015,691.140015,677.76001,685.669983,685.669983,253500
688.799988,692.059998,681.169983,686.950012,686.950012,272700
684.130005,698.169983,684.130005,695.580017,695.580017,280900
692.450012,706.950012,692.289978,704.159973,704.159973,465800
666.309998,681.169983,655.5,678.530029,678.530029,697200
687.409973,688.690002,666.849976,678.719971,678.719971,354600
682.190002,698.440002,681.219971,695.669983,695.669983,468600
696.119995,706.51001,694.969971,698.47998,698.47998,358400
698.869995,706.140015,692.840027,705.76001,705.76001,265800
695.690002,698.900024,673.090027,685.200012,685.200012,388900
685.200012,688.77002,680.289978,686.409973,686.409973,240500
688.140015,688.140015,669.26001,671.530029,671.530029,349700
672.640015,676.289978,657.119995,665.320007,665.320007,342700
663.049988,676.890015,663.049988,675.669983,675.669983,266400
671.460022,678.0,665.75,672.099976,672.099976,215900
673.77002,676.340027,668.090027,675.47998,675.47998,334100
669.840027,679.73999,668.210022,678.119995,678.119995,264800
677.02002,684.309998,676.609985,676.940002,676.940002,267700
674.880005,690.0,673.099976,681.710022,681.710022,397900
681.710022,685.22998,672.530029,682.140015,682.140015,378500
683.150024,683.150024,669.309998,671.109985,671.109985,472200
671.719971,673.539978,667.25,672.539978,672.539978,398400
675.419983,678.400024,665.940002,676.419983,676.419983,357800
676.929993,681.909973,670.039978,673.359985,673.359985,292600
673.900024,681.25,667.549988,668.27002,668.27002,316100
667.27002,690.109985,666.919983,686.969971,686.969971,410300
689.059998,689.059998,667.320007,673.76001,673.76001,557500
671.640015,678.419983,659.27002,676.900024,676.900024,394900
677.380005,687.690002,676.969971,685.440002,685.440002,331900
682.099976,692.159973,680.190002,688.330017,688.330017,294300
684.039978,686.200012,667.080017,681.669983,681.669983,459000
681.840027,695.179993,677.51001,687.700012,687.700012,344900
690.030029,692.320007,675.659973,676.570007,676.570007,340300
679.859985,686.130005,675.530029,681.609985,681.609985,293700
687.030029,687.030029,646.469971,655.049988,655.049988,514400
663.219971,669.539978,659.47998,661.390015,661.390015,401900
660.619995,668.919983,658.950012,661.650024,661.650024,663100
664.450012,666.159973,651.48999,663.450012,663.450012,671000
661.450012,664.799988,655.109985,661.710022,661.710022,967600
657.099976,668.690002,651.539978,659.780029,659.780029,725200
663.950012,668.51001,659.299988,666.869995,666.869995,739100
670.200012,672.429993,660.039978,671.469971,671.469971,320100
674.98999,689.950012,670.659973,682.580017,682.580017,369800
678.73999,684.210022,671.340027,679.640015,679.640015,255700
672.969971,674.450012,640.210022,650.02002,650.02002,558800
644.400024,644.789978,621.650024,626.849976,626.849976,555400
631.380005,637.440002,627.51001,629.549988,629.549988,281300
633.719971,638.150024,620.859985,621.900024,621.900024,381500
623.150024,626.080017,608.369995,623.97998,623.97998,439100
619.280029,621.619995,597.690002,614.190002,614.190002,472900
617.659973,625.77002,614.090027,614.799988,614.799988,467200
612.5,618.130005,601.179993,617.169983,617.169983,586100
621.400024,637.830017,621.400024,623.01001,623.01001,261500
623.72998,631.929993,611.440002,617.02002,617.02002,213700
617.0,621.429993,612.190002,612.77002,612.77002,182100
619.5,621.22998,613.330017,615.909973,615.909973,287400
622.200012,625.340027,618.159973,623.119995,623.119995,255200
630.869995,641.650024,628.359985,629.719971,629.719971,456300
631.76001,637.369995,631.76001,635.150024,635.150024,262000
630.950012,638.900024,621.72998,638.289978,638.289978,254400
643.48999,650.469971,639.359985,640.98999,640.98999,225400
646.299988,651.590027,640.75,642.200012,642.200012,211500
643.169983,647.809998,634.950012,645.23999,645.23999,235700
648.630005,655.73999,647.599976,651.849976,651.849976,164500
651.23999,655.929993,647.539978,652.52002,652.52002,189600
654.609985,657.289978,648.900024,651.960022,651.960022,236800
651.960022,652.400024,636.929993,640.5,640.5,255400
645.940002,654.549988,640.98999,653.02002,653.02002,279900
650.159973,672.929993,645.719971,666.140015,666.140015,472600
665.080017,670.929993,656.179993,666.47998,666.47998,453000
654.619995,654.969971,620.0,627.349976,627.349976,738400
624.900024,627.179993,597.840027,625.659973,625.659973,610500
628.460022,642.01001,621.969971,639.960022,639.960022,411100
639.650024,655.0,634.330017,637.400024,637.400024,338900
638.0,642.369995,624.23999,634.210022,634.210022,300200
630.719971,633.950012,624.440002,629.26001,629.26001,244600
626.869995,631.0,620.380005,622.429993,622.429993,278800
623.719971,627.309998,612.630005,615.049988,615.049988,268200
618.5,629.710022,618.5,628.179993,628.179993,288000
627.559998,628.710022,618.799988,618.960022,618.960022,238400
620.25,638.400024,620.25,633.219971,633.219971,327400
632.460022,636.01001,622.25,627.98999,627.98999,311700
633.75,641.859985,625.390015,634.0,634.0,289700
638.880005,649.940002,632.590027,647.27002,647.27002,293300
644.659973,656.380005,634.23999,634.679993,634.679993,345800
631.059998,631.650024,612.340027,619.97998,619.97998,390000
619.130005,622.75,613.780029,622.450012,622.450012,442800
619.590027,632.840027,604.0,607.52002,607.52002,260600
613.27002,636.429993,609.109985,631.299988,631.299988,370400
628.150024,639.51001,603.0,608.070007,608.070007,754200
612.98999,621.179993,598.73999,599.450012,599.450012,363300
594.919983,603.0,583.960022,599.01001,599.01001,638300
603.359985,608.109985,575.590027,586.539978,586.539978,451900
586.809998,595.409973,579.530029,592.210022,592.210022,566500
597.27002,615.280029,595.909973,611.429993,611.429993,368200
612.830017,619.359985,609.619995,618.549988,618.549988,211000
618.549988,623.900024,607.549988,607.580017,607.580017,260200
612.52002,620.059998,605.75,607.900024,607.900024,294800
608.820007,614.840027,601.929993,605.340027,605.340027,367400
602.460022,603.960022,586.640015,596.349976,596.349976,351500
598.099976,612.0,596.789978,611.559998,611.559998,426000
613.25,619.280029,606.650024,607.559998,607.559998,429700
604.070007,624.0,604.030029,616.880005,616.880005,738300
611.619995,614.039978,595.23999,604.109985,604.109985,345900
607.869995,624.98999,606.51001,624.059998,624.059998,328900
624.059998,641.049988,624.059998,640.030029,640.030029,339100
641.580017,649.76001,640.51001,645.02002,645.02002,266200
648.0,656.340027,646.77002,654.840027,654.840027,177900
659.469971,659.940002,649.349976,651.280029,651.280029,172800
652.52002,660.150024,648.400024,655.690002,655.690002,247900
655.400024,664.700012,655.130005,661.320007,661.320007,206000
659.840027,664.650024,656.419983,658.460022,658.460022,217000
655.659973,656.309998,625.280029,631.01001,631.01001,418200
629.98999,629.98999,597.159973,605.419983,605.419983,605200
612.450012,612.450012,583.299988,583.460022,583.460022,518600
577.890015,588.950012,572.75,576.359985,576.359985,484900
568.77002,571.5,549.909973,550.299988,550.299988,603600
537.48999,559.469971,535.72998,558.650024,558.650024,577000
556.380005,558.820007,544.75,555.059998,555.059998,609100
558.580017,565.97998,550.419983,554.630005,554.630005,383000
556.460022,556.530029,533.440002,534.200012,534.200012,400500
527.22998,534.960022,520.0,529.349976,529.349976,570400
514.599976,524.859985,512.0,518.169983,518.169983,594900
521.679993,532.710022,518.619995,519.130005,519.130005,394000
523.619995,535.309998,510.149994,511.149994,511.149994,400200
509.0,514.340027,500.01001,501.959991,501.959991,582000
495.799988,513.049988,484.670013,511.649994,511.649994,803600
501.029999,505.890015,476.01001,478.190002,478.190002,787500
479.75,484.869995,460.359985,466.519989,466.519989,724700
470.01001,482.410004,466.700012,471.079987,471.079987,1024000
471.790009,489.230011,463.940002,489.049988,489.049988,561400
489.049988,509.579987,488.98999,507.299988,507.299988,788700
512.150024,514.780029,502.329987,513.51001,513.51001,685600
538.0,574.330017,527.340027,534.22998,534.22998,999700
525.169983,543.049988,522.72998,538.950012,538.950012,959300
534.140015,538.289978,520.659973,526.440002,526.440002,510000
523.659973,531.73999,514.299988,517.76001,517.76001,438300
518.840027,526.919983,513.22998,521.609985,521.609985,396000
528.890015,539.0,522.039978,531.809998,531.809998,364800
520.580017,537.150024,519.799988,526.200012,526.200012,430200
527.210022,532.099976,512.01001,515.049988,515.049988,328900
514.880005,518.0,500.720001,505.529999,505.529999,404700
513.77002,520.0,506.809998,510.869995,510.869995,475300
509.0,511.200012,495.5,508.01001,508.01001,409000
503.940002,507.660004,492.899994,493.350006,493.350006,519900
495.040009,497.200012,486.109985,489.450012,489.450012,497300
488.350006,499.929993,485.5,488.640015,488.640015,569100
490.0,492.26001,473.170013,474.679993,474.679993,448200
470.309998,511.679993,468.529999,509.769989,509.769989,705400
509.779999,524.02002,503.649994,522.450012,522.450012,476500
516.200012,534.099976,516.200012,532.349976,532.349976,757600
527.659973,540.530029,527.659973,535.140015,535.140015,619600
537.309998,545.969971,536.909973,539.969971,539.969971,467500
545.23999,553.109985,534.049988,538.52002,538.52002,375400
537.539978,539.549988,527.809998,535.710022,535.710022,438200
535.23999,538.26001,516.380005,517.280029,517.280029,521500
510.630005,524.710022,501.359985,507.779999,507.779999,804500
521.200012,532.719971,518.429993,529.919983,529.919983,558500
518.950012,525.869995,511.410004,524.440002,524.440002,525300
530.700012,532.02002,497.640015,498.079987,498.079987,334100
498.019989,509.130005,484.570007,486.329987,486.329987,368000
492.420013,505.079987,488.089996,502.929993,502.929993,390100
511.040009,528.080017,500.850006,520.190002,520.190002,373200
517.140015,529.369995,515.0,527.090027,527.090027,349300
527.039978,546.849976,522.26001,542.460022,542.460022,690400
535.539978,544.559998,528.340027,539.590027,539.590027,558500
538.570007,554.169983,536.609985,552.460022,552.460022,528600
548.559998,548.73999,535.0,536.059998,536.059998,582700
537.76001,540.409973,529.650024,540.390015,540.390015,336600
544.469971,546.530029,528.869995,538.929993,538.929993,446300
541.070007,547.059998,527.76001,539.539978,539.539978,461800
549.140015,560.919983,545.549988,551.76001,551.76001,462000
549.580017,551.73999,543.369995,548.679993,548.679993,437800
551.0,558.549988,547.049988,547.059998,547.059998,760400
546.539978,553.460022,542.75,553.440002,553.440002,430600
553.440002,558.01001,543.710022,548.080017,548.080017,379100
547.549988,551.469971,540.140015,545.039978,545.039978,354000
537.97998,538.450012,526.400024,534.919983,534.919983,539700
532.22998,554.969971,532.22998,551.26001,551.26001,438500
548.590027,553.330017,546.309998,547.119995,547.119995,367700
538.140015,543.809998,513.650024,514.47998,514.47998,490100
517.950012,525.900024,492.519989,497.23999,497.23999,497600
500.730011,511.769989,496.170013,508.609985,508.609985,451500
510.299988,511.149994,496.399994,496.779999,496.779999,432400
492.799988,495.529999,483.459991,486.809998,486.809998,432100
485.109985,503.890015,485.109985,500.850006,500.850006,367100
505.790009,517.039978,498.839996,513.390015,513.390015,372900
516.409973,517.909973,491.209991,492.519989,492.519989,327300
489.790009,494.410004,472.670013,473.640015,473.640015,503800
471.600006,475.399994,464.679993,472.269989,472.269989,629500
467.910004,470.470001,455.339996,455.559998,455.559998,749800
455.690002,461.380005,445.720001,447.179993,447.179993,770600
451.730011,453.089996,440.309998,448.350006,448.350006,1019400
446.470001,454.589996,429.130005,430.480011,430.480011,713500
429.369995,437.269989,420.619995,432.459991,432.459991,835600
436.529999,441.01001,429.589996,435.959991,435.959991,912800
382.0,419.200012,381.109985,411.309998,411.309998,2104500
400.0,402.670013,377.429993,385.109985,385.109985,1505100
380.170013,383.869995,358.179993,366.640015,366.640015,1527800
362.959991,365.269989,343.619995,345.019989,345.019989,1151900
354.609985,358.75,334.75,340.179993,340.179993,1249300
337.970001,346.320007,332.0,333.899994,333.899994,889200
330.660004,348.410004,330.660004,347.950012,347.950012,1019100
352.950012,367.549988,351.98999,362.179993,362.179993,833800
359.600006,362.980011,354.48999,360.200012,360.200012,579600
363.929993,368.859985,356.549988,366.359985,366.359985,591500
361.589996,361.730011,350.880005,357.329987,357.329987,1010300
357.179993,369.359985,356.100006,364.829987,364.829987,851900
370.609985,375.130005,362.73999,372.230011,372.230011,768200
371.619995,371.910004,359.0,368.329987,368.329987,591500
366.980011,366.980011,357.279999,362.160004,362.160004,505900
360.079987,369.98999,359.109985,367.859985,367.859985,501300
370.929993,386.549988,370.019989,384.920013,384.920013,842000
388.48999,398.959991,388.48999,398.609985,398.609985,627900
397.649994,397.649994,388.070007,391.619995,391.619995,897200
390.309998,393.48999,369.269989,369.630005,369.630005,705300
369.429993,386.730011,368.899994,386.339996,386.339996,590300
382.019989,382.019989,371.859985,372.630005,372.630005,394900
376.309998,378.640015,368.320007,372.220001,372.220001,557100
368.670013,377.839996,367.149994,376.790009,376.790009,357700
376.450012,380.109985,370.769989,371.970001,371.970001,353400
368.450012,370.089996,359.679993,359.700012,359.700012,410100
351.619995,353.100006,345.600006,345.890015,345.890015,688000
332.890015,339.920013,331.540009,336.200012,336.200012,882400
336.200012,338.01001,322.779999,328.98999,328.98999,729200
333.450012,339.059998,325.769989,333.940002,333.940002,640800
326.339996,329.149994,318.5,327.369995,327.369995,811700
331.579987,336.309998,327.380005,328.049988,328.049988,1419200
331.26001,334.839996,329.529999,332.029999,332.029999,544700
330.390015,337.730011,328.5,333.109985,333.109985,473700
337.940002,355.940002,337.450012,355.619995,355.619995,676300
358.670013,366.549988,357.769989,361.480011,361.480011,854000
359.579987,364.299988,354.779999,359.029999,359.029999,516000
360.230011,363.850006,347.920013,349.209991,349.209991,430800
346.109985,361.920013,342.690002,358.220001,358.220001,683900
355.410004,357.51001,342.51001,350.730011,350.730011,607100
352.329987,359.529999,348.570007,358.440002,358.440002,369100
356.700012,366.970001,351.779999,366.869995,366.869995,734200
369.559998,380.779999,366.980011,375.220001,375.220001,696000
371.799988,383.200012,370.730011,382.519989,382.519989,724700
380.429993,383.380005,375.709991,378.450012,378.450012,403500
373.799988,375.200012,366.820007,369.660004,369.660004,559400
372.75,379.589996,360.390015,362.459991,362.459991,478400
354.049988,366.589996,350.390015,363.329987,363.329987,368400
361.470001,367.200012,356.350006,366.059998,366.059998,495100
372.589996,376.339996,368.420013,370.140015,370.140015,470800
371.200012,373.540009,359.549988,360.600006,360.600006,382000
369.410004,379.700012,366.299988,377.100006,377.100006,645500
376.589996,386.730011,374.390015,383.809998,383.809998,546900
388.0,398.910004,387.369995,398.350006,398.350006,673300
397.75,408.600006,389.619995,393.51001,393.51001,576000
381.329987,383.859985,371.899994,375.559998,375.559998,681400
378.980011,381.600006,373.049988,377.0,377.0,514300
376.850006,387.480011,376.850006,385.959991,385.959991,542300
388.589996,399.040009,383.619995,398.559998,398.559998,591900
397.820007,403.200012,391.920013,399.179993,399.179993,544200
393.51001,401.970001,392.589996,398.130005,398.130005,634200
390.109985,410.0,380.380005,398.929993,398.929993,1097900
399.070007,410.519989,396.609985,406.869995,406.869995,587200
407.230011,410.170013,401.309998,405.019989,405.019989,475300
397.339996,409.73999,394.51001,407.779999,407.779999,441900
411.079987,417.769989,406.329987,407.0,407.0,473400
404.049988,407.01001,388.359985,388.600006,388.600006,574600
399.73999,401.570007,394.410004,400.290009,400.290009,594800
401.850006,409.950012,395.140015,396.679993,396.679993,477000
398.299988,407.089996,393.880005,396.429993,396.429993,553000
398.630005,398.630005,387.869995,390.850006,390.850006,542700
387.899994,387.899994,370.959991,382.23999,382.23999,641100
377.730011,379.339996,368.170013,374.01001,374.01001,561500
374.01001,376.100006,366.25,374.75,374.75,671100
373.070007,376.670013,369.779999,373.73999,373.73999,698700
368.160004,369.0,356.130005,358.399994,358.399994,600200
356.059998,359.119995,352.299988,356.910004,356.910004,316400
358.160004,362.75,355.5,360.549988,360.549988,549400
362.640015,371.869995,360.899994,371.209991,371.209991,398700
371.5,374.5,349.130005,349.899994,349.899994,603300
346.970001,351.850006,345.75,349.049988,349.049988,435000
350.640015,353.690002,345.660004,348.839996,348.839996,393700
353.970001,356.070007,346.25,347.619995,347.619995,604900
345.01001,350.5,337.899994,349.929993,349.929993,480600
354.570007,355.589996,341.130005,343.829987,343.829987,374000
343.790009,346.899994,340.01001,341.730011,341.730011,470500
343.630005,355.709991,341.399994,354.679993,354.679993,365300
349.380005,365.059998,349.220001,364.950012,364.950012,433100
365.790009,376.440002,365.200012,374.130005,374.130005,604500
375.100006,379.609985,373.470001,376.589996,376.589996,410800
363.720001,364.0,348.149994,350.429993,350.429993,904500
349.820007,353.940002,347.730011,350.470001,350.470001,414100
350.880005,363.799988,348.869995,349.839996,349.839996,525500
346.070007,346.070007,337.609985,342.559998,342.559998,815800
340.51001,342.350006,333.839996,339.670013,339.670013,369700
336.730011,339.48999,330.570007,338.0,338.0,461400
339.48999,348.950012,333.089996,333.480011,333.480011,655700
331.390015,331.679993,325.73999,326.079987,326.079987,605100
325.410004,334.76001,321.790009,334.200012,334.200012,688600
334.390015,341.940002,329.579987,331.220001,331.220001,690100
335.640015,337.820007,328.399994,329.730011,329.730011,548500
333.070007,337.109985,329.299988,334.029999,334.029999,690400
330.0,334.25,326.570007,331.809998,331.809998,375700
333.589996,342.410004,325.570007,325.799988,325.799988,563500
328.0,338.829987,322.450012,336.679993,336.679993,468000
343.540009,352.390015,343.100006,348.589996,348.589996,539400
343.309998,352.200012,339.839996,350.119995,350.119995,430600
349.200012,353.950012,345.0,346.019989,346.019989,274200
341.399994,342.529999,331.570007,333.23999,333.23999,593900
337.799988,337.799988,319.380005,324.720001,324.720001,503700
324.799988,331.109985,319.019989,325.709991,325.709991,417100
