Date,Adj_Close,Predictions,Ticker
2019-10-17 00:00:00,26.74,,CHWY
2019-10-18 00:00:00,27.049999,,CHWY
2019-10-21 00:00:00,27.860001,,CHWY
2019-10-22 00:00:00,28.059999,,CHWY
2019-10-23 00:00:00,26.790001,,CHWY
2019-10-24 00:00:00,26.73,,CHWY
2019-10-25 00:00:00,27.790001,,CHWY
2019-10-28 00:00:00,27.25,,CHWY
2019-10-29 00:00:00,25.77,,CHWY
2019-10-30 00:00:00,25.389999,,CHWY
2019-10-31 00:00:00,24.67,,CHWY
2019-11-01 00:00:00,23.91,,CHWY
2019-11-04 00:00:00,23.75,,CHWY
2019-11-05 00:00:00,24.530001,,CHWY
2019-11-06 00:00:00,23.639999,,CHWY
2019-11-07 00:00:00,22.969999,,CHWY
2019-11-08 00:00:00,22.99,,CHWY
2019-11-11 00:00:00,22.950001,,CHWY
2019-11-12 00:00:00,23.030001,,CHWY
2019-11-13 00:00:00,23.85,,CHWY
2019-11-14 00:00:00,23.4,,CHWY
2019-11-15 00:00:00,23.4,,CHWY
2019-11-18 00:00:00,22.129999,,CHWY
2019-11-19 00:00:00,23.120001,,CHWY
2019-11-20 00:00:00,23.200001,,CHWY
2019-11-21 00:00:00,22.68,,CHWY
2019-11-22 00:00:00,22.889999,,CHWY
2019-11-25 00:00:00,23.389999,,CHWY
2019-11-26 00:00:00,23.9,,CHWY
2019-11-27 00:00:00,24.379999,,CHWY
2019-11-29 00:00:00,24.76,,CHWY
2019-12-02 00:00:00,23.83,,CHWY
2019-12-03 00:00:00,24.309999,,CHWY
2019-12-04 00:00:00,22.889999,,CHWY
2019-12-05 00:00:00,24.33,,CHWY
2019-12-06 00:00:00,24.950001,,CHWY
2019-12-09 00:00:00,24.18,,CHWY
2019-12-10 00:00:00,25.5,,CHWY
2019-12-11 00:00:00,26.879999,,CHWY
2019-12-12 00:00:00,27.950001,,CHWY
2019-12-13 00:00:00,28.26,,CHWY
2019-12-16 00:00:00,28.030001,,CHWY
2019-12-17 00:00:00,28.57,,CHWY
2019-12-18 00:00:00,27.91,,CHWY
2019-12-19 00:00:00,28.559999,,CHWY
2019-12-20 00:00:00,29.08,,CHWY
2019-12-23 00:00:00,28.440001,,CHWY
2019-12-24 00:00:00,28.809999,,CHWY
2019-12-26 00:00:00,29.42,,CHWY
2019-12-27 00:00:00,28.629999,,CHWY
2019-12-30 00:00:00,28.49,,CHWY
2019-12-31 00:00:00,29,,CHWY
2020-01-02 00:00:00,29.620001,,CHWY
2020-01-03 00:00:00,29.34,,CHWY
2020-01-06 00:00:00,29.370001,,CHWY
2020-01-07 00:00:00,29.200001,,CHWY
2020-01-08 00:00:00,28.620001,,CHWY
2020-01-09 00:00:00,29.43,,CHWY
2020-01-10 00:00:00,29.23,,CHWY
2020-01-13 00:00:00,30.52,,CHWY
2020-01-14 00:00:00,31.129999,,CHWY
2020-01-15 00:00:00,30.5,,CHWY
2020-01-16 00:00:00,29.27,,CHWY
2020-01-17 00:00:00,29.370001,,CHWY
2020-01-21 00:00:00,30.139999,,CHWY
2020-01-22 00:00:00,29.02,,CHWY
2020-01-23 00:00:00,28.030001,,CHWY
2020-01-24 00:00:00,28.469999,,CHWY
2020-01-27 00:00:00,28.98,,CHWY
2020-01-28 00:00:00,29.26,,CHWY
2020-01-29 00:00:00,28.25,,CHWY
2020-01-30 00:00:00,28.620001,,CHWY
2020-01-31 00:00:00,26.51,,CHWY
2020-02-03 00:00:00,28.200001,,CHWY
2020-02-04 00:00:00,27.34,,CHWY
2020-02-05 00:00:00,26.9,,CHWY
2020-02-06 00:00:00,27.709999,,CHWY
2020-02-07 00:00:00,27.879999,,CHWY
2020-02-10 00:00:00,28.049999,,CHWY
2020-02-11 00:00:00,27.73,,CHWY
2020-02-12 00:00:00,28.1,,CHWY
2020-02-13 00:00:00,28.870001,,CHWY
2020-02-14 00:00:00,28.700001,,CHWY
2020-02-18 00:00:00,28.92,,CHWY
2020-02-19 00:00:00,29.299999,,CHWY
2020-02-20 00:00:00,29.24,,CHWY
2020-02-21 00:00:00,30.4,,CHWY
2020-02-24 00:00:00,30.84,,CHWY
2020-02-25 00:00:00,29.49,,CHWY
2020-02-26 00:00:00,30.74,,CHWY
2020-02-27 00:00:00,30.07,,CHWY
2020-02-28 00:00:00,29.6,,CHWY
2020-03-02 00:00:00,28.93,,CHWY
2020-03-03 00:00:00,27.75,,CHWY
2020-03-04 00:00:00,27.93,,CHWY
2020-03-05 00:00:00,28.52,,CHWY
2020-03-06 00:00:00,28.02,,CHWY
2020-03-09 00:00:00,27.290001,,CHWY
2020-03-10 00:00:00,27.110001,,CHWY
2020-03-11 00:00:00,25.459999,,CHWY
2020-03-12 00:00:00,22.77,,CHWY
2020-03-13 00:00:00,26.049999,,CHWY
2020-03-16 00:00:00,24.27,,CHWY
2020-03-17 00:00:00,27.91,,CHWY
2020-03-18 00:00:00,30.85,,CHWY
2020-03-19 00:00:00,32.419998,,CHWY
2020-03-20 00:00:00,31.92,,CHWY
2020-03-23 00:00:00,32.139999,,CHWY
2020-03-24 00:00:00,33.650002,,CHWY
2020-03-25 00:00:00,31.07,,CHWY
2020-03-26 00:00:00,33.810001,,CHWY
2020-03-27 00:00:00,36.16,,CHWY
2020-03-30 00:00:00,38,,CHWY
2020-03-31 00:00:00,37.490002,,CHWY
2020-04-01 00:00:00,35.98,,CHWY
2020-04-02 00:00:00,35.060001,,CHWY
2020-04-03 00:00:00,33.369999,,CHWY
2020-04-06 00:00:00,33.220001,,CHWY
2020-04-07 00:00:00,33.310001,,CHWY
2020-04-08 00:00:00,36.93,,CHWY
2020-04-09 00:00:00,42.610001,,CHWY
2020-04-13 00:00:00,40.240002,,CHWY
2020-04-14 00:00:00,41.32,,CHWY
2020-04-15 00:00:00,43.91,,CHWY
2020-04-16 00:00:00,44.91,,CHWY
2020-04-17 00:00:00,43.779999,,CHWY
2020-04-20 00:00:00,44.720001,,CHWY
2020-04-21 00:00:00,43.439999,,CHWY
2020-04-22 00:00:00,44.82,,CHWY
2020-04-23 00:00:00,43.349998,,CHWY
2020-04-24 00:00:00,44.040001,,CHWY
2020-04-27 00:00:00,46.18,,CHWY
2020-04-28 00:00:00,44.16,,CHWY
2020-04-29 00:00:00,45,,CHWY
2020-04-30 00:00:00,43.240002,,CHWY
2020-05-01 00:00:00,42.900002,,CHWY
2020-05-04 00:00:00,39.240002,,CHWY
2020-05-05 00:00:00,42.09,,CHWY
2020-05-06 00:00:00,40.369999,,CHWY
2020-05-07 00:00:00,39.400002,,CHWY
2020-05-08 00:00:00,39.41,,CHWY
2020-05-11 00:00:00,39.049999,,CHWY
2020-05-12 00:00:00,40.360001,,CHWY
2020-05-13 00:00:00,41.77,,CHWY
2020-05-14 00:00:00,41.290001,,CHWY
2020-05-15 00:00:00,42.110001,,CHWY
2020-05-18 00:00:00,41.080002,,CHWY
2020-05-19 00:00:00,40.049999,,CHWY
2020-05-20 00:00:00,39.450001,,CHWY
2020-05-21 00:00:00,40.189999,,CHWY
2020-05-22 00:00:00,42.75,,CHWY
2020-05-26 00:00:00,41.709999,,CHWY
2020-05-27 00:00:00,40.130001,,CHWY
2020-05-28 00:00:00,41.790001,,CHWY
2020-05-29 00:00:00,44.439999,,CHWY
2020-06-01 00:00:00,45.09,,CHWY
2020-06-02 00:00:00,49.419998,,CHWY
2020-06-03 00:00:00,48.220001,,CHWY
2020-06-04 00:00:00,49.110001,,CHWY
2020-06-05 00:00:00,48.439999,,CHWY
2020-06-08 00:00:00,48.77,,CHWY
2020-06-09 00:00:00,51.509998,,CHWY
2020-06-10 00:00:00,49.630001,,CHWY
2020-06-11 00:00:00,49.18,,CHWY
2020-06-12 00:00:00,48.130001,,CHWY
2020-06-15 00:00:00,46.759998,,CHWY
2020-06-16 00:00:00,47.09,,CHWY
2020-06-17 00:00:00,49.560001,,CHWY
2020-06-18 00:00:00,48.200001,,CHWY
2020-06-19 00:00:00,50.299999,,CHWY
2020-06-22 00:00:00,50.91,,CHWY
2020-06-23 00:00:00,48.91,,CHWY
2020-06-24 00:00:00,49.740002,,CHWY
2020-06-25 00:00:00,49.439999,,CHWY
2020-06-26 00:00:00,46.939999,,CHWY
2020-06-29 00:00:00,45.150002,,CHWY
2020-06-30 00:00:00,44.689999,,CHWY
2020-07-01 00:00:00,46.459999,,CHWY
2020-07-02 00:00:00,47.080002,,CHWY
2020-07-06 00:00:00,46.970001,,CHWY
2020-07-07 00:00:00,47.799999,,CHWY
2020-07-08 00:00:00,49.990002,,CHWY
2020-07-09 00:00:00,51.919998,,CHWY
2020-07-10 00:00:00,48.549999,,CHWY
2020-07-13 00:00:00,49.049999,,CHWY
2020-07-14 00:00:00,48,,CHWY
2020-07-15 00:00:00,47.119999,,CHWY
2020-07-16 00:00:00,48.220001,,CHWY
2020-07-17 00:00:00,46.799999,,CHWY
2020-07-20 00:00:00,49.43,,CHWY
2020-07-21 00:00:00,48.810001,,CHWY
2020-07-22 00:00:00,48.709999,,CHWY
2020-07-23 00:00:00,47.52,,CHWY
2020-07-24 00:00:00,45.959999,,CHWY
2020-07-27 00:00:00,46.73,,CHWY
2020-07-28 00:00:00,46.32,,CHWY
2020-07-29 00:00:00,47.59,,CHWY
2020-07-30 00:00:00,49.02,,CHWY
2020-07-31 00:00:00,52.490002,,CHWY
2020-08-03 00:00:00,56.84,,CHWY
2020-08-04 00:00:00,58.139999,,CHWY
2020-08-05 00:00:00,58.82,,CHWY
2020-08-06 00:00:00,56.740002,,CHWY
2020-08-07 00:00:00,54.91,,CHWY
2020-08-10 00:00:00,53.400002,,CHWY
2020-08-11 00:00:00,50.610001,,CHWY
2020-08-12 00:00:00,53.150002,,CHWY
2020-08-13 00:00:00,54.619999,,CHWY
2020-08-14 00:00:00,53.790001,,CHWY
2020-08-17 00:00:00,55.630001,,CHWY
2020-08-18 00:00:00,57.119999,,CHWY
2020-08-19 00:00:00,56.220001,,CHWY
2020-08-20 00:00:00,57.209999,,CHWY
2020-08-21 00:00:00,56.970001,,CHWY
2020-08-24 00:00:00,57.060001,,CHWY
2020-08-25 00:00:00,56.66,,CHWY
2020-08-26 00:00:00,58.279999,,CHWY
2020-08-27 00:00:00,56.880001,,CHWY
2020-08-28 00:00:00,59.73,,CHWY
2020-08-31 00:00:00,61.07,,CHWY
2020-09-01 00:00:00,69.43,,CHWY
2020-09-02 00:00:00,70.099998,,CHWY
2020-09-03 00:00:00,61.939999,,CHWY
2020-09-04 00:00:00,61.18,,CHWY
2020-09-08 00:00:00,60.799999,,CHWY
2020-09-09 00:00:00,61.5,,CHWY
2020-09-10 00:00:00,59.689999,,CHWY
2020-09-11 00:00:00,53.810001,,CHWY
2020-09-14 00:00:00,53,,CHWY
2020-09-15 00:00:00,54.110001,,CHWY
2020-09-16 00:00:00,56.16,,CHWY
2020-09-17 00:00:00,54.419998,,CHWY
2020-09-18 00:00:00,53,,CHWY
2020-09-21 00:00:00,53.220001,,CHWY
2020-09-22 00:00:00,54.48,,CHWY
2020-09-23 00:00:00,54.990002,,CHWY
2020-09-24 00:00:00,54.959999,,CHWY
2020-09-25 00:00:00,56,,CHWY
2020-09-28 00:00:00,56.369999,,CHWY
2020-09-29 00:00:00,54.970001,,CHWY
2020-09-30 00:00:00,54.830002,,CHWY
2020-10-01 00:00:00,58.93,,CHWY
2020-10-02 00:00:00,56.549999,,CHWY
2020-10-05 00:00:00,57.52,,CHWY
2020-10-06 00:00:00,56.16,,CHWY
2020-10-07 00:00:00,57.040001,,CHWY
2020-10-08 00:00:00,58.669998,,CHWY
2020-10-09 00:00:00,61.580002,,CHWY
2020-10-12 00:00:00,64.449997,,CHWY
2020-10-13 00:00:00,66.860001,,CHWY
2020-10-14 00:00:00,64.120003,,CHWY
2020-10-15 00:00:00,64.879997,,CHWY
2020-10-16 00:00:00,67.239998,,CHWY
2020-10-19 00:00:00,68.889999,,CHWY
2020-10-20 00:00:00,68.110001,,CHWY
2020-10-21 00:00:00,64.669998,,CHWY
2020-10-22 00:00:00,63.619999,,CHWY
2020-10-23 00:00:00,63.630001,,CHWY
2020-10-26 00:00:00,63.490002,,CHWY
2020-10-27 00:00:00,67.720001,,CHWY
2020-10-28 00:00:00,72.010002,,CHWY
2020-10-29 00:00:00,67.669998,,CHWY
2020-10-30 00:00:00,61.599998,,CHWY
2020-11-02 00:00:00,60.790001,,CHWY
2020-11-03 00:00:00,64.239998,,CHWY
2020-11-04 00:00:00,67.040001,,CHWY
2020-11-05 00:00:00,67.589996,,CHWY
2020-11-06 00:00:00,70.32,,CHWY
2020-11-09 00:00:00,62.09,,CHWY
2020-11-10 00:00:00,59.919998,,CHWY
2020-11-11 00:00:00,63.959999,,CHWY
2020-11-12 00:00:00,63.380001,,CHWY
2020-11-13 00:00:00,62.990002,,CHWY
2020-11-16 00:00:00,64.330002,,CHWY
2020-11-17 00:00:00,64.379997,,CHWY
2020-11-18 00:00:00,66.400002,,CHWY
2020-11-19 00:00:00,66.720001,,CHWY
2020-11-20 00:00:00,68.709999,,CHWY
2020-11-23 00:00:00,69.269997,,CHWY
2020-11-24 00:00:00,67.25,,CHWY
2020-11-25 00:00:00,69.339996,,CHWY
2020-11-27 00:00:00,74.25,,CHWY
2020-11-30 00:00:00,77.580002,,CHWY
2020-12-01 00:00:00,75.339996,,CHWY
2020-12-02 00:00:00,71.230003,,CHWY
2020-12-03 00:00:00,72.68,,CHWY
2020-12-04 00:00:00,74.940002,,CHWY
2020-12-07 00:00:00,74.779999,,CHWY
2020-12-08 00:00:00,79.150002,,CHWY
2020-12-09 00:00:00,75.57,,CHWY
2020-12-10 00:00:00,78.07,,CHWY
2020-12-11 00:00:00,85.110001,,CHWY
2020-12-14 00:00:00,82.809998,,CHWY
2020-12-15 00:00:00,91.129997,,CHWY
2020-12-16 00:00:00,94.120003,,CHWY
2020-12-17 00:00:00,100.18,,CHWY
2020-12-18 00:00:00,100.129997,,CHWY
2020-12-21 00:00:00,107.489998,,CHWY
2020-12-22 00:00:00,106.690002,,CHWY
2020-12-23 00:00:00,102.080002,,CHWY
2020-12-24 00:00:00,104.010002,,CHWY
2020-12-28 00:00:00,92.610001,,CHWY
2020-12-29 00:00:00,90.919998,,CHWY
2020-12-30 00:00:00,92.339996,,CHWY
2020-12-31 00:00:00,89.889999,,CHWY
2021-01-04 00:00:00,88.900002,,CHWY
2021-01-05 00:00:00,95.290001,,CHWY
2021-01-06 00:00:00,94.019997,,CHWY
2021-01-07 00:00:00,97.980003,,CHWY
2021-01-08 00:00:00,96.870003,,CHWY
2021-01-11 00:00:00,97.150002,,CHWY
2021-01-12 00:00:00,104.150002,,CHWY
2021-01-13 00:00:00,112.459999,,CHWY
2021-01-14 00:00:00,114.629997,,CHWY
2021-01-15 00:00:00,108.110001,,CHWY
2021-01-19 00:00:00,107.32,,CHWY
2021-01-20 00:00:00,104.389999,,CHWY
2021-01-21 00:00:00,105.099998,,CHWY
2021-01-22 00:00:00,105.080002,,CHWY
2021-01-25 00:00:00,102.489998,,CHWY
2021-01-26 00:00:00,102.290001,,CHWY
2021-01-27 00:00:00,103.989998,,CHWY
2021-01-28 00:00:00,103.949997,,CHWY
2021-01-29 00:00:00,101.82,,CHWY
2021-02-01 00:00:00,101.440002,,CHWY
2021-02-02 00:00:00,101.760002,,CHWY
2021-02-03 00:00:00,103.709999,,CHWY
2021-02-04 00:00:00,106.830002,,CHWY
2021-02-05 00:00:00,110.699997,,CHWY
2021-02-08 00:00:00,107.760002,,CHWY
2021-02-09 00:00:00,109.75,,CHWY
2021-02-10 00:00:00,107.089996,,CHWY
2021-02-11 00:00:00,108.940002,,CHWY
2021-02-12 00:00:00,118.690002,,CHWY
2021-02-16 00:00:00,114.739998,,CHWY
2021-02-17 00:00:00,110.489998,,CHWY
2021-02-18 00:00:00,110.290001,,CHWY
2021-02-19 00:00:00,113.949997,,CHWY
2021-02-22 00:00:00,108.68,,CHWY
2021-02-23 00:00:00,109.779999,,CHWY
2021-02-24 00:00:00,105.230003,,CHWY
2021-02-25 00:00:00,101.550003,,CHWY
2021-02-26 00:00:00,101.559998,,CHWY
2021-03-01 00:00:00,104.800003,,CHWY
2021-03-02 00:00:00,98.860001,,CHWY
2021-03-03 00:00:00,91.57,,CHWY
2021-03-04 00:00:00,87.650002,,CHWY
2021-03-05 00:00:00,82.870003,,CHWY
2021-03-08 00:00:00,76.330002,,CHWY
2021-03-09 00:00:00,80.43,,CHWY
2021-03-10 00:00:00,80.589996,,CHWY
2021-03-11 00:00:00,87.269997,,CHWY
2021-03-12 00:00:00,85.599998,,CHWY
2021-03-15 00:00:00,86.550003,,CHWY
2021-03-16 00:00:00,82.290001,,CHWY
2021-03-17 00:00:00,81.519997,,CHWY
2021-03-18 00:00:00,77.510002,,CHWY
2021-03-19 00:00:00,82.529999,,CHWY
2021-03-22 00:00:00,85.879997,,CHWY
2021-03-23 00:00:00,84.690002,,CHWY
2021-03-24 00:00:00,79,,CHWY
2021-03-25 00:00:00,79.040001,,CHWY
2021-03-26 00:00:00,78.660004,,CHWY
2021-03-29 00:00:00,78.849998,,CHWY
2021-03-30 00:00:00,80.379997,,CHWY
2021-03-31 00:00:00,84.709999,,CHWY
2021-04-01 00:00:00,82.709999,,CHWY
2021-04-05 00:00:00,80.849998,,CHWY
2021-04-06 00:00:00,82.550003,,CHWY
2021-04-07 00:00:00,81.849998,,CHWY
2021-04-08 00:00:00,81.82,,CHWY
2021-04-09 00:00:00,84.099998,,CHWY
2021-04-12 00:00:00,84.040001,,CHWY
2021-04-13 00:00:00,87.379997,,CHWY
2021-04-14 00:00:00,85.559998,,CHWY
2021-04-15 00:00:00,86.599998,,CHWY
2021-04-16 00:00:00,84.150002,,CHWY
2021-04-19 00:00:00,78.980003,,CHWY
2021-04-20 00:00:00,77,,CHWY
2021-04-21 00:00:00,80.239998,,CHWY
2021-04-22 00:00:00,79.599998,,CHWY
2021-04-23 00:00:00,80.589996,,CHWY
2021-04-26 00:00:00,82.620003,,CHWY
2021-04-27 00:00:00,82.68,,CHWY
2021-04-28 00:00:00,81.889999,,CHWY
2021-04-29 00:00:00,81.449997,,CHWY
2021-04-30 00:00:00,79.720001,,CHWY
2021-05-03 00:00:00,80.650002,,CHWY
2021-05-04 00:00:00,77.339996,,CHWY
2021-05-05 00:00:00,74.43,,CHWY
2021-05-06 00:00:00,71.510002,,CHWY
2021-05-07 00:00:00,71,,CHWY
2021-05-10 00:00:00,67.830002,,CHWY
2021-05-11 00:00:00,71.419998,,CHWY
2021-05-12 00:00:00,68,,CHWY
2021-05-13 00:00:00,65.68,,CHWY
2021-05-14 00:00:00,67.75,,CHWY
2021-05-17 00:00:00,70.209999,,CHWY
2021-05-18 00:00:00,70.419998,,CHWY
2021-05-19 00:00:00,70.589996,,CHWY
2021-05-20 00:00:00,69.599998,,CHWY
2021-05-21 00:00:00,67.760002,,CHWY
2021-05-24 00:00:00,71.709999,,CHWY
2021-05-25 00:00:00,72.93,,CHWY
2021-05-26 00:00:00,73.959999,73.162476,CHWY
2021-05-27 00:00:00,75.279999,74.29332,CHWY
2021-05-28 00:00:00,73.620003,75.58661,CHWY
2021-06-01 00:00:00,73.529999,76.12833,CHWY
2021-06-02 00:00:00,77.519997,76.185165,CHWY
2021-06-03 00:00:00,75.129997,77.11683,CHWY
2021-06-04 00:00:00,75.209999,77.462036,CHWY
2021-06-07 00:00:00,78.559998,77.5133,CHWY
2021-06-08 00:00:00,79.470001,78.36456,CHWY
2021-06-09 00:00:00,77.769997,79.55964,CHWY
2021-06-10 00:00:00,79.349998,80.098305,CHWY
2021-06-11 00:00:00,74.739998,80.6885,CHWY
2021-06-14 00:00:00,75.07,79.81806,CHWY
2021-06-15 00:00:00,73.900002,78.72155,CHWY
2021-06-16 00:00:00,77.199997,77.50083,CHWY
2021-06-17 00:00:00,77.669998,77.49285,CHWY
2021-06-18 00:00:00,78.5,78.113945,CHWY
2021-06-21 00:00:00,77.849998,79.09022,CHWY
2021-06-22 00:00:00,77.220001,79.78381,CHWY
2021-06-23 00:00:00,78.849998,80.00878,CHWY
2021-06-24 00:00:00,80.620003,80.44285,CHWY
2021-06-25 00:00:00,80.349998,81.33105,CHWY
2021-06-28 00:00:00,83,82.070724,CHWY
2021-06-29 00:00:00,81.879997,83.31038,CHWY
2021-06-30 00:00:00,79.709999,84.0598,CHWY
2021-07-01 00:00:00,80.639999,83.76742,CHWY
2021-07-02 00:00:00,80.550003,83.40243,CHWY
2021-07-06 00:00:00,84.419998,83.06163,CHWY
2021-07-07 00:00:00,83.639999,83.94839,CHWY
2021-07-08 00:00:00,81.239998,84.845535,CHWY
2021-07-09 00:00:00,85.57,84.81634,CHWY
2021-07-12 00:00:00,84.349998,85.71099,CHWY
2021-07-13 00:00:00,84.220001,86.337685,CHWY
2021-07-14 00:00:00,78.910004,86.65665,CHWY
2021-07-15 00:00:00,77.489998,85.19868,CHWY
2021-07-16 00:00:00,76.980003,83.07386,CHWY
2021-07-19 00:00:00,82.239998,81.13825,CHWY
2021-07-20 00:00:00,82.699997,81.31748,CHWY
2021-07-21 00:00:00,83.199997,82.4338,CHWY
2021-07-22 00:00:00,84.669998,83.81692,CHWY
2021-07-23 00:00:00,86.739998,85.38132,CHWY
2021-07-26 00:00:00,86.349998,87.19327,CHWY
2021-07-27 00:00:00,85.349998,88.45509,CHWY
2021-07-28 00:00:00,89.43,88.81043,CHWY
2021-07-29 00:00:00,86.669998,89.89606,CHWY
2021-07-30 00:00:00,83.699997,90.063156,CHWY
2021-08-02 00:00:00,85.379997,88.91964,CHWY
2021-08-03 00:00:00,86.75,88.08708,CHWY
2021-08-04 00:00:00,90.040001,88.001396,CHWY
2021-08-05 00:00:00,91.940002,89.23297,CHWY
2021-08-06 00:00:00,89.220001,91.23067,CHWY
2021-08-09 00:00:00,91.139999,92.14276,CHWY
2021-08-10 00:00:00,90.730003,92.969406,CHWY
2021-08-11 00:00:00,91.339996,93.362366,CHWY
2021-08-12 00:00:00,95.080002,93.64444,CHWY
2021-08-13 00:00:00,95.699997,94.94405,CHWY
2021-08-16 00:00:00,91.779999,96.42943,CHWY
2021-08-17 00:00:00,92.589996,96.305145,CHWY
2021-08-18 00:00:00,91.07,95.853806,CHWY
2021-08-19 00:00:00,89.699997,94.907906,CHWY
2021-08-20 00:00:00,86.519997,93.63835,CHWY
2021-08-23 00:00:00,88.330002,91.670685,CHWY
2021-08-24 00:00:00,92.099998,90.60566,CHWY
2021-08-25 00:00:00,92.209999,91.36509,CHWY
2021-08-26 00:00:00,89.550003,92.69063,CHWY
2021-08-27 00:00:00,88.110001,93.08592,CHWY
2021-08-30 00:00:00,90.099998,92.589645,CHWY
2021-08-31 00:00:00,88.120003,92.49285,CHWY
2021-09-01 00:00:00,87.43,91.948105,CHWY
2021-09-02 00:00:00,79.309998,91.18535,CHWY
2021-09-03 00:00:00,76.75,88.12994,CHWY
2021-09-07 00:00:00,75.82,84.395935,CHWY
2021-09-08 00:00:00,75.949997,81.210945,CHWY
2021-09-09 00:00:00,76.599998,79.18065,CHWY
2021-09-10 00:00:00,74.989998,78.3729,CHWY
2021-09-13 00:00:00,73.639999,77.86586,CHWY
2021-09-14 00:00:00,72.220001,77.28786,CHWY
2021-09-15 00:00:00,73.650002,76.465416,CHWY
2021-09-16 00:00:00,74.919998,76.15555,CHWY
2021-09-17 00:00:00,75.620003,76.462944,CHWY
2021-09-20 00:00:00,75.629997,77.11718,CHWY
2021-09-21 00:00:00,75.150002,77.72315,CHWY
2021-09-22 00:00:00,73.839996,77.988205,CHWY
2021-09-23 00:00:00,73.449997,77.647354,CHWY
2021-09-24 00:00:00,69.830002,77.01519,CHWY
2021-09-27 00:00:00,70.5,75.41192,CHWY
2021-09-28 00:00:00,69.639999,74.026405,CHWY
2021-09-29 00:00:00,67.709999,72.8432,CHWY
2021-09-30 00:00:00,68.110001,71.544495,CHWY
2021-10-01 00:00:00,67.389999,70.659584,CHWY
2021-10-04 00:00:00,64.230003,69.987816,CHWY
2021-10-05 00:00:00,63.959999,68.76634,CHWY
2021-10-06 00:00:00,64.540001,67.58404,CHWY
2021-10-07 00:00:00,64.790001,66.86346,CHWY
2021-10-08 00:00:00,62.599998,66.57639,CHWY
2021-10-11 00:00:00,61.459999,65.983025,CHWY
2021-10-12 00:00:00,62.869999,65.1293,CHWY
2021-10-13 00:00:00,62.73,64.72905,CHWY
2021-10-14 00:00:00,62.610001,64.56412,CHWY
2021-10-15 00:00:00,63.529999,64.50267,CHWY
2019-10-17 00:00:00,50.049999,,FRPT
2019-10-18 00:00:00,49.59,,FRPT
2019-10-21 00:00:00,49.669998,,FRPT
2019-10-22 00:00:00,49.52,,FRPT
2019-10-23 00:00:00,50.259998,,FRPT
2019-10-24 00:00:00,51.029999,,FRPT
2019-10-25 00:00:00,50.48,,FRPT
2019-10-28 00:00:00,50.5,,FRPT
2019-10-29 00:00:00,51.049999,,FRPT
2019-10-30 00:00:00,52.07,,FRPT
2019-10-31 00:00:00,52.259998,,FRPT
2019-11-01 00:00:00,51.709999,,FRPT
2019-11-04 00:00:00,48.869999,,FRPT
2019-11-05 00:00:00,51.470001,,FRPT
2019-11-06 00:00:00,53.360001,,FRPT
2019-11-07 00:00:00,55.849998,,FRPT
2019-11-08 00:00:00,55.34,,FRPT
2019-11-11 00:00:00,55.07,,FRPT
2019-11-12 00:00:00,55.950001,,FRPT
2019-11-13 00:00:00,55.349998,,FRPT
2019-11-14 00:00:00,54.959999,,FRPT
2019-11-15 00:00:00,55.279999,,FRPT
2019-11-18 00:00:00,54.509998,,FRPT
2019-11-19 00:00:00,54.310001,,FRPT
2019-11-20 00:00:00,54.52,,FRPT
2019-11-21 00:00:00,53.950001,,FRPT
2019-11-22 00:00:00,53.465,,FRPT
2019-11-25 00:00:00,53.98,,FRPT
2019-11-26 00:00:00,54.5,,FRPT
2019-11-27 00:00:00,54.540001,,FRPT
2019-11-29 00:00:00,53.740002,,FRPT
2019-12-02 00:00:00,52.549999,,FRPT
2019-12-03 00:00:00,52.43,,FRPT
2019-12-04 00:00:00,54.82,,FRPT
2019-12-05 00:00:00,57.369999,,FRPT
2019-12-06 00:00:00,56.709999,,FRPT
2019-12-09 00:00:00,55.82,,FRPT
2019-12-10 00:00:00,56.509998,,FRPT
2019-12-11 00:00:00,55.540001,,FRPT
2019-12-12 00:00:00,56.900002,,FRPT
2019-12-13 00:00:00,57.310001,,FRPT
2019-12-16 00:00:00,56.139999,,FRPT
2019-12-17 00:00:00,56.200001,,FRPT
2019-12-18 00:00:00,56.599998,,FRPT
2019-12-19 00:00:00,57.845001,,FRPT
2019-12-20 00:00:00,57.889999,,FRPT
2019-12-23 00:00:00,58.34,,FRPT
2019-12-24 00:00:00,58.529999,,FRPT
2019-12-26 00:00:00,59.09,,FRPT
2019-12-27 00:00:00,59.040001,,FRPT
2019-12-30 00:00:00,58.189999,,FRPT
2019-12-31 00:00:00,59.09,,FRPT
2020-01-02 00:00:00,59.490002,,FRPT
2020-01-03 00:00:00,60.630001,,FRPT
2020-01-06 00:00:00,60.52,,FRPT
2020-01-07 00:00:00,60.119999,,FRPT
2020-01-08 00:00:00,60.25,,FRPT
2020-01-09 00:00:00,61.095001,,FRPT
2020-01-10 00:00:00,60.700001,,FRPT
2020-01-13 00:00:00,62.720001,,FRPT
2020-01-14 00:00:00,63.889999,,FRPT
2020-01-15 00:00:00,63.689999,,FRPT
2020-01-16 00:00:00,64.580002,,FRPT
2020-01-17 00:00:00,66.080002,,FRPT
2020-01-21 00:00:00,65.959999,,FRPT
2020-01-22 00:00:00,65.910004,,FRPT
2020-01-23 00:00:00,65.900002,,FRPT
2020-01-24 00:00:00,66.059998,,FRPT
2020-01-27 00:00:00,66.050003,,FRPT
2020-01-28 00:00:00,65.970001,,FRPT
2020-01-29 00:00:00,66.059998,,FRPT
2020-01-30 00:00:00,65.809998,,FRPT
2020-01-31 00:00:00,62.880001,,FRPT
2020-02-03 00:00:00,64.449997,,FRPT
2020-02-04 00:00:00,65.779999,,FRPT
2020-02-05 00:00:00,65.93,,FRPT
2020-02-06 00:00:00,66.650002,,FRPT
2020-02-07 00:00:00,66.239998,,FRPT
2020-02-10 00:00:00,68.410004,,FRPT
2020-02-11 00:00:00,67.75,,FRPT
2020-02-12 00:00:00,67.839996,,FRPT
2020-02-13 00:00:00,68.93,,FRPT
2020-02-14 00:00:00,72.389999,,FRPT
2020-02-18 00:00:00,74.449997,,FRPT
2020-02-19 00:00:00,76.43,,FRPT
2020-02-20 00:00:00,76.43,,FRPT
2020-02-21 00:00:00,74.239998,,FRPT
2020-02-24 00:00:00,73.699997,,FRPT
2020-02-25 00:00:00,74,,FRPT
2020-02-26 00:00:00,67.089996,,FRPT
2020-02-27 00:00:00,66.410004,,FRPT
2020-02-28 00:00:00,66.459999,,FRPT
2020-03-02 00:00:00,69.25,,FRPT
2020-03-03 00:00:00,72.160004,,FRPT
2020-03-04 00:00:00,74.610001,,FRPT
2020-03-05 00:00:00,73.669998,,FRPT
2020-03-06 00:00:00,70.949997,,FRPT
2020-03-09 00:00:00,63.48,,FRPT
2020-03-10 00:00:00,64.07,,FRPT
2020-03-11 00:00:00,61.209999,,FRPT
2020-03-12 00:00:00,52.5,,FRPT
2020-03-13 00:00:00,59.09,,FRPT
2020-03-16 00:00:00,43.779999,,FRPT
2020-03-17 00:00:00,52.290001,,FRPT
2020-03-18 00:00:00,43.880001,,FRPT
2020-03-19 00:00:00,48.669998,,FRPT
2020-03-20 00:00:00,52.299999,,FRPT
2020-03-23 00:00:00,53.869999,,FRPT
2020-03-24 00:00:00,59.16,,FRPT
2020-03-25 00:00:00,57.75,,FRPT
2020-03-26 00:00:00,63.450001,,FRPT
2020-03-27 00:00:00,58.939999,,FRPT
2020-03-30 00:00:00,64.059998,,FRPT
2020-03-31 00:00:00,63.869999,,FRPT
2020-04-01 00:00:00,60.75,,FRPT
2020-04-02 00:00:00,62.700001,,FRPT
2020-04-03 00:00:00,59.669998,,FRPT
2020-04-06 00:00:00,66.18,,FRPT
2020-04-07 00:00:00,65.339996,,FRPT
2020-04-08 00:00:00,68.709999,,FRPT
2020-04-09 00:00:00,63.290001,,FRPT
2020-04-13 00:00:00,63.209999,,FRPT
2020-04-14 00:00:00,66.57,,FRPT
2020-04-15 00:00:00,66.690002,,FRPT
2020-04-16 00:00:00,69.93,,FRPT
2020-04-17 00:00:00,71,,FRPT
2020-04-20 00:00:00,73.080002,,FRPT
2020-04-21 00:00:00,71.940002,,FRPT
2020-04-22 00:00:00,75.330002,,FRPT
2020-04-23 00:00:00,75.480003,,FRPT
2020-04-24 00:00:00,76.040001,,FRPT
2020-04-27 00:00:00,77.199997,,FRPT
2020-04-28 00:00:00,73.349998,,FRPT
2020-04-29 00:00:00,77.870003,,FRPT
2020-04-30 00:00:00,75.410004,,FRPT
2020-05-01 00:00:00,72.779999,,FRPT
2020-05-04 00:00:00,71.730003,,FRPT
2020-05-05 00:00:00,77.019997,,FRPT
2020-05-06 00:00:00,74.839996,,FRPT
2020-05-07 00:00:00,71.910004,,FRPT
2020-05-08 00:00:00,73.589996,,FRPT
2020-05-11 00:00:00,74.650002,,FRPT
2020-05-12 00:00:00,71.650002,,FRPT
2020-05-13 00:00:00,70.059998,,FRPT
2020-05-14 00:00:00,70.5,,FRPT
2020-05-15 00:00:00,72.720001,,FRPT
2020-05-18 00:00:00,73.540001,,FRPT
2020-05-19 00:00:00,72.720001,,FRPT
2020-05-20 00:00:00,71.889999,,FRPT
2020-05-21 00:00:00,70.900002,,FRPT
2020-05-22 00:00:00,71.089996,,FRPT
2020-05-26 00:00:00,70.919998,,FRPT
2020-05-27 00:00:00,77.514999,,FRPT
2020-05-28 00:00:00,75.639999,,FRPT
2020-05-29 00:00:00,77.18,,FRPT
2020-06-01 00:00:00,84.489998,,FRPT
2020-06-02 00:00:00,80.629997,,FRPT
2020-06-03 00:00:00,77,,FRPT
2020-06-04 00:00:00,75.050003,,FRPT
2020-06-05 00:00:00,80.050003,,FRPT
2020-06-08 00:00:00,82.160004,,FRPT
2020-06-09 00:00:00,83.43,,FRPT
2020-06-10 00:00:00,81.349998,,FRPT
2020-06-11 00:00:00,78,,FRPT
2020-06-12 00:00:00,79.129997,,FRPT
2020-06-15 00:00:00,83.110001,,FRPT
2020-06-16 00:00:00,83.25,,FRPT
2020-06-17 00:00:00,85.769997,,FRPT
2020-06-18 00:00:00,85.830002,,FRPT
2020-06-19 00:00:00,85.059998,,FRPT
2020-06-22 00:00:00,86.279999,,FRPT
2020-06-23 00:00:00,87.584999,,FRPT
2020-06-24 00:00:00,86.760002,,FRPT
2020-06-25 00:00:00,88.690002,,FRPT
2020-06-26 00:00:00,80.269997,,FRPT
2020-06-29 00:00:00,81.599998,,FRPT
2020-06-30 00:00:00,83.660004,,FRPT
2020-07-01 00:00:00,87.370003,,FRPT
2020-07-02 00:00:00,88.57,,FRPT
2020-07-06 00:00:00,87.610001,,FRPT
2020-07-07 00:00:00,86.660004,,FRPT
2020-07-08 00:00:00,88.550003,,FRPT
2020-07-09 00:00:00,88.529999,,FRPT
2020-07-10 00:00:00,86.139999,,FRPT
2020-07-13 00:00:00,85.07,,FRPT
2020-07-14 00:00:00,88.900002,,FRPT
2020-07-15 00:00:00,89.860001,,FRPT
2020-07-16 00:00:00,89.330002,,FRPT
2020-07-17 00:00:00,90.800003,,FRPT
2020-07-20 00:00:00,90.470001,,FRPT
2020-07-21 00:00:00,89.790001,,FRPT
2020-07-22 00:00:00,89.309998,,FRPT
2020-07-23 00:00:00,88.290001,,FRPT
2020-07-24 00:00:00,87.849998,,FRPT
2020-07-27 00:00:00,91.559998,,FRPT
2020-07-28 00:00:00,91.800003,,FRPT
2020-07-29 00:00:00,93.940002,,FRPT
2020-07-30 00:00:00,95.120003,,FRPT
2020-07-31 00:00:00,96.050003,,FRPT
2020-08-03 00:00:00,100.769997,,FRPT
2020-08-04 00:00:00,104.790001,,FRPT
2020-08-05 00:00:00,103.230003,,FRPT
2020-08-06 00:00:00,102.709999,,FRPT
2020-08-07 00:00:00,102.230003,,FRPT
2020-08-10 00:00:00,104.230003,,FRPT
2020-08-11 00:00:00,98.93,,FRPT
2020-08-12 00:00:00,102.610001,,FRPT
2020-08-13 00:00:00,106.209999,,FRPT
2020-08-14 00:00:00,107.989998,,FRPT
2020-08-17 00:00:00,109.839996,,FRPT
2020-08-18 00:00:00,111.029999,,FRPT
2020-08-19 00:00:00,109.889999,,FRPT
2020-08-20 00:00:00,115,,FRPT
2020-08-21 00:00:00,113.650002,,FRPT
2020-08-24 00:00:00,113.800003,,FRPT
2020-08-25 00:00:00,113.449997,,FRPT
2020-08-26 00:00:00,112.589996,,FRPT
2020-08-27 00:00:00,110.07,,FRPT
2020-08-28 00:00:00,112.220001,,FRPT
2020-08-31 00:00:00,113.599998,,FRPT
2020-09-01 00:00:00,114.800003,,FRPT
2020-09-02 00:00:00,114.110001,,FRPT
2020-09-03 00:00:00,109.010002,,FRPT
2020-09-04 00:00:00,108.019997,,FRPT
2020-09-08 00:00:00,105.959999,,FRPT
2020-09-09 00:00:00,110.199997,,FRPT
2020-09-10 00:00:00,107.639999,,FRPT
2020-09-11 00:00:00,108.410004,,FRPT
2020-09-14 00:00:00,110.339996,,FRPT
2020-09-15 00:00:00,110.940002,,FRPT
2020-09-16 00:00:00,108.419998,,FRPT
2020-09-17 00:00:00,105.970001,,FRPT
2020-09-18 00:00:00,105.940002,,FRPT
2020-09-21 00:00:00,105.199997,,FRPT
2020-09-22 00:00:00,106.989998,,FRPT
2020-09-23 00:00:00,104.830002,,FRPT
2020-09-24 00:00:00,104.279999,,FRPT
2020-09-25 00:00:00,102.57,,FRPT
2020-09-28 00:00:00,107.480003,,FRPT
2020-09-29 00:00:00,109.029999,,FRPT
2020-09-30 00:00:00,111.650002,,FRPT
2020-10-01 00:00:00,113.330002,,FRPT
2020-10-02 00:00:00,112.830002,,FRPT
2020-10-05 00:00:00,116.230003,,FRPT
2020-10-06 00:00:00,116.580002,,FRPT
2020-10-07 00:00:00,121.080002,,FRPT
2020-10-08 00:00:00,120.029999,,FRPT
2020-10-09 00:00:00,121.709999,,FRPT
2020-10-12 00:00:00,123.260002,,FRPT
2020-10-13 00:00:00,124.419998,,FRPT
2020-10-14 00:00:00,123.389999,,FRPT
2020-10-15 00:00:00,125.120003,,FRPT
2020-10-16 00:00:00,124.410004,,FRPT
2020-10-19 00:00:00,124.080002,,FRPT
2020-10-20 00:00:00,119.540001,,FRPT
2020-10-21 00:00:00,115.830002,,FRPT
2020-10-22 00:00:00,114.720001,,FRPT
2020-10-23 00:00:00,117.800003,,FRPT
2020-10-26 00:00:00,115.099998,,FRPT
2020-10-27 00:00:00,117.510002,,FRPT
2020-10-28 00:00:00,116.760002,,FRPT
2020-10-29 00:00:00,118.290001,,FRPT
2020-10-30 00:00:00,114.5,,FRPT
2020-11-02 00:00:00,118.510002,,FRPT
2020-11-03 00:00:00,125.43,,FRPT
2020-11-04 00:00:00,133.600006,,FRPT
2020-11-05 00:00:00,136.619995,,FRPT
2020-11-06 00:00:00,135.259995,,FRPT
2020-11-09 00:00:00,124.739998,,FRPT
2020-11-10 00:00:00,121.120003,,FRPT
2020-11-11 00:00:00,128.070007,,FRPT
2020-11-12 00:00:00,128.350006,,FRPT
2020-11-13 00:00:00,129.100006,,FRPT
2020-11-16 00:00:00,131.339996,,FRPT
2020-11-17 00:00:00,136.550003,,FRPT
2020-11-18 00:00:00,135.369995,,FRPT
2020-11-19 00:00:00,135.009995,,FRPT
2020-11-20 00:00:00,135.75,,FRPT
2020-11-23 00:00:00,137.300003,,FRPT
2020-11-24 00:00:00,131.100006,,FRPT
2020-11-25 00:00:00,131.119995,,FRPT
2020-11-27 00:00:00,133.729996,,FRPT
2020-11-30 00:00:00,136.880005,,FRPT
2020-12-01 00:00:00,135.240005,,FRPT
2020-12-02 00:00:00,134,,FRPT
2020-12-03 00:00:00,132.970001,,FRPT
2020-12-04 00:00:00,134.979996,,FRPT
2020-12-07 00:00:00,134.839996,,FRPT
2020-12-08 00:00:00,140.639999,,FRPT
2020-12-09 00:00:00,133.339996,,FRPT
2020-12-10 00:00:00,132.229996,,FRPT
2020-12-11 00:00:00,132.399994,,FRPT
2020-12-14 00:00:00,132.850006,,FRPT
2020-12-15 00:00:00,132.490005,,FRPT
2020-12-16 00:00:00,131.990005,,FRPT
2020-12-17 00:00:00,136.619995,,FRPT
2020-12-18 00:00:00,138.330002,,FRPT
2020-12-21 00:00:00,140.350006,,FRPT
2020-12-22 00:00:00,144.339996,,FRPT
2020-12-23 00:00:00,142.789993,,FRPT
2020-12-24 00:00:00,143.309998,,FRPT
2020-12-28 00:00:00,142.220001,,FRPT
2020-12-29 00:00:00,140.25,,FRPT
2020-12-30 00:00:00,141.050003,,FRPT
2020-12-31 00:00:00,141.990005,,FRPT
2021-01-04 00:00:00,138.179993,,FRPT
2021-01-05 00:00:00,140.330002,,FRPT
2021-01-06 00:00:00,144.589996,,FRPT
2021-01-07 00:00:00,146.830002,,FRPT
2021-01-08 00:00:00,147.839996,,FRPT
2021-01-11 00:00:00,145.179993,,FRPT
2021-01-12 00:00:00,143.179993,,FRPT
2021-01-13 00:00:00,140.520004,,FRPT
2021-01-14 00:00:00,143.5,,FRPT
2021-01-15 00:00:00,144.610001,,FRPT
2021-01-19 00:00:00,144.100006,,FRPT
2021-01-20 00:00:00,146.529999,,FRPT
2021-01-21 00:00:00,145.449997,,FRPT
2021-01-22 00:00:00,148.720001,,FRPT
2021-01-25 00:00:00,147.279999,,FRPT
2021-01-26 00:00:00,145,,FRPT
2021-01-27 00:00:00,142.419998,,FRPT
2021-01-28 00:00:00,145.679993,,FRPT
2021-01-29 00:00:00,139.309998,,FRPT
2021-02-01 00:00:00,142.179993,,FRPT
2021-02-02 00:00:00,149.929993,,FRPT
2021-02-03 00:00:00,150.029999,,FRPT
2021-02-04 00:00:00,154.009995,,FRPT
2021-02-05 00:00:00,159.419998,,FRPT
2021-02-08 00:00:00,165.139999,,FRPT
2021-02-09 00:00:00,165.240005,,FRPT
2021-02-10 00:00:00,166.169998,,FRPT
2021-02-11 00:00:00,167.789993,,FRPT
2021-02-12 00:00:00,172.520004,,FRPT
2021-02-16 00:00:00,170.470001,,FRPT
2021-02-17 00:00:00,167.259995,,FRPT
2021-02-18 00:00:00,159.580002,,FRPT
2021-02-19 00:00:00,161.160004,,FRPT
2021-02-22 00:00:00,149.330002,,FRPT
2021-02-23 00:00:00,145.369995,,FRPT
2021-02-24 00:00:00,154.940002,,FRPT
2021-02-25 00:00:00,154.350006,,FRPT
2021-02-26 00:00:00,155.880005,,FRPT
2021-03-01 00:00:00,158.529999,,FRPT
2021-03-02 00:00:00,155,,FRPT
2021-03-03 00:00:00,147.369995,,FRPT
2021-03-04 00:00:00,140.070007,,FRPT
2021-03-05 00:00:00,139.360001,,FRPT
2021-03-08 00:00:00,136.639999,,FRPT
2021-03-09 00:00:00,146.509995,,FRPT
2021-03-10 00:00:00,147.720001,,FRPT
2021-03-11 00:00:00,156.880005,,FRPT
2021-03-12 00:00:00,155.779999,,FRPT
2021-03-15 00:00:00,155.75,,FRPT
2021-03-16 00:00:00,157.660004,,FRPT
2021-03-17 00:00:00,155.559998,,FRPT
2021-03-18 00:00:00,145.160004,,FRPT
2021-03-19 00:00:00,149.889999,,FRPT
2021-03-22 00:00:00,149.570007,,FRPT
2021-03-23 00:00:00,150.179993,,FRPT
2021-03-24 00:00:00,144.410004,,FRPT
2021-03-25 00:00:00,146.470001,,FRPT
2021-03-26 00:00:00,153.470001,,FRPT
2021-03-29 00:00:00,148.610001,,FRPT
2021-03-30 00:00:00,152.229996,,FRPT
2021-03-31 00:00:00,158.809998,,FRPT
2021-04-01 00:00:00,159.389999,,FRPT
2021-04-05 00:00:00,165.369995,,FRPT
2021-04-06 00:00:00,165.509995,,FRPT
2021-04-07 00:00:00,157.330002,,FRPT
2021-04-08 00:00:00,162.960007,,FRPT
2021-04-09 00:00:00,168.279999,,FRPT
2021-04-12 00:00:00,170.479996,,FRPT
2021-04-13 00:00:00,172.449997,,FRPT
2021-04-14 00:00:00,170.479996,,FRPT
2021-04-15 00:00:00,170.919998,,FRPT
2021-04-16 00:00:00,172.490005,,FRPT
2021-04-19 00:00:00,171.949997,,FRPT
2021-04-20 00:00:00,169.949997,,FRPT
2021-04-21 00:00:00,175.520004,,FRPT
2021-04-22 00:00:00,171.779999,,FRPT
2021-04-23 00:00:00,172.690002,,FRPT
2021-04-26 00:00:00,176.089996,,FRPT
2021-04-27 00:00:00,183,,FRPT
2021-04-28 00:00:00,183.229996,,FRPT
2021-04-29 00:00:00,184.389999,,FRPT
2021-04-30 00:00:00,184.820007,,FRPT
2021-05-03 00:00:00,184,,FRPT
2021-05-04 00:00:00,175.399994,,FRPT
2021-05-05 00:00:00,174,,FRPT
2021-05-06 00:00:00,172.229996,,FRPT
2021-05-07 00:00:00,176.550003,,FRPT
2021-05-10 00:00:00,171.729996,,FRPT
2021-05-11 00:00:00,169.869995,,FRPT
2021-05-12 00:00:00,164.770004,,FRPT
2021-05-13 00:00:00,164.889999,,FRPT
2021-05-14 00:00:00,171.789993,,FRPT
2021-05-17 00:00:00,168.960007,,FRPT
2021-05-18 00:00:00,167.960007,,FRPT
2021-05-19 00:00:00,168.440002,,FRPT
2021-05-20 00:00:00,170.919998,,FRPT
2021-05-21 00:00:00,170.699997,,FRPT
2021-05-24 00:00:00,175.080002,,FRPT
2021-05-25 00:00:00,175.630005,,FRPT
2021-05-26 00:00:00,182.360001,174.9159,FRPT
2021-05-27 00:00:00,180.050003,177.78197,FRPT
2021-05-28 00:00:00,176.820007,179.70366,FRPT
2021-06-01 00:00:00,171.490005,179.96266,FRPT
2021-06-02 00:00:00,173.619995,178.1605,FRPT
2021-06-03 00:00:00,168.600006,176.50967,FRPT
2021-06-04 00:00:00,171.520004,173.98326,FRPT
2021-06-07 00:00:00,175.539993,172.4851,FRPT
2021-06-08 00:00:00,171.210007,172.66783,FRPT
2021-06-09 00:00:00,168.559998,172.38126,FRPT
2021-06-10 00:00:00,167.830002,171.45651,FRPT
2021-06-11 00:00:00,167.740005,170.40732,FRPT
2021-06-14 00:00:00,168.699997,169.58435,FRPT
2021-06-15 00:00:00,165.039993,169.31699,FRPT
2021-06-16 00:00:00,163.25,168.48105,FRPT
2021-06-17 00:00:00,163.009995,167.29382,FRPT
2021-06-18 00:00:00,160.410004,166.25465,FRPT
2021-06-21 00:00:00,162.360001,164.93742,FRPT
2021-06-22 00:00:00,162.820007,164.35994,FRPT
2021-06-23 00:00:00,162.729996,164.32246,FRPT
2021-06-24 00:00:00,162.600006,164.51509,FRPT
2021-06-25 00:00:00,170.059998,164.75182,FRPT
2021-06-28 00:00:00,168.729996,166.74892,FRPT
2021-06-29 00:00:00,165.070007,168.54715,FRPT
2021-06-30 00:00:00,162.960007,168.97057,FRPT
2021-07-01 00:00:00,162.009995,168.25928,FRPT
2021-07-02 00:00:00,161.190002,167.01675,FRPT
2021-07-06 00:00:00,161.320007,165.62357,FRPT
2021-07-07 00:00:00,159.960007,164.50557,FRPT
2021-07-08 00:00:00,159.970001,163.41406,FRPT
2021-07-09 00:00:00,161.149994,162.61111,FRPT
2021-07-12 00:00:00,161.059998,162.39896,FRPT
2021-07-13 00:00:00,161.419998,162.44722,FRPT
2021-07-14 00:00:00,157.610001,162.69334,FRPT
2021-07-15 00:00:00,153.429993,162.06265,FRPT
2021-07-16 00:00:00,153.279999,160.30896,FRPT
2021-07-19 00:00:00,152.990005,158.55125,FRPT
2021-07-20 00:00:00,156.940002,157.1387,FRPT
2021-07-21 00:00:00,155.570007,157.13994,FRPT
2021-07-22 00:00:00,157,157.35152,FRPT
2021-07-23 00:00:00,158,157.98703,FRPT
2021-07-26 00:00:00,156.350006,158.8786,FRPT
2021-07-27 00:00:00,152.440002,159.26636,FRPT
2021-07-28 00:00:00,152.380005,158.45398,FRPT
2021-07-29 00:00:00,146.990005,157.37514,FRPT
2021-07-30 00:00:00,146.449997,155.15002,FRPT
2021-08-02 00:00:00,143.330002,152.92448,FRPT
2021-08-03 00:00:00,140.710007,150.48947,FRPT
2021-08-04 00:00:00,139.089996,147.98494,FRPT
2021-08-05 00:00:00,137.080002,145.71783,FRPT
2021-08-06 00:00:00,136.429993,143.66344,FRPT
2021-08-09 00:00:00,137.630005,142.0854,FRPT
2021-08-10 00:00:00,134.690002,141.38448,FRPT
2021-08-11 00:00:00,133.940002,140.56195,FRPT
2021-08-12 00:00:00,131.199997,139.78445,FRPT
2021-08-13 00:00:00,131.529999,138.61623,FRPT
2021-08-16 00:00:00,129.860001,137.67387,FRPT
2021-08-17 00:00:00,129.050003,136.65717,FRPT
2021-08-18 00:00:00,126.800003,135.674,FRPT
2021-08-19 00:00:00,127.32,134.42085,FRPT
2021-08-20 00:00:00,128.009995,133.46762,FRPT
2021-08-23 00:00:00,133.979996,132.981,FRPT
2021-08-24 00:00:00,132.710007,134.11208,FRPT
2021-08-25 00:00:00,128.440002,135.28734,FRPT
2021-08-26 00:00:00,125.699997,135.24402,FRPT
2021-08-27 00:00:00,129.830002,134.10185,FRPT
2021-08-30 00:00:00,127.099998,133.67538,FRPT
2021-08-31 00:00:00,128.139999,132.91765,FRPT
2021-09-01 00:00:00,130.119995,132.41806,FRPT
2021-09-02 00:00:00,133.919998,132.53273,FRPT
2021-09-03 00:00:00,132.759995,133.68246,FRPT
2021-09-07 00:00:00,130.699997,134.66849,FRPT
2021-09-08 00:00:00,133.009995,134.88351,FRPT
2021-09-09 00:00:00,131.529999,135.24951,FRPT
2021-09-10 00:00:00,133.789993,135.18814,FRPT
2021-09-13 00:00:00,131.5,135.4619,FRPT
2021-09-14 00:00:00,135.419998,135.22552,FRPT
2021-09-15 00:00:00,137.050003,135.72987,FRPT
2021-09-16 00:00:00,145.429993,136.72552,FRPT
2021-09-17 00:00:00,148,139.5964,FRPT
2021-09-20 00:00:00,146.990005,143.07175,FRPT
2021-09-21 00:00:00,152,145.71062,FRPT
2021-09-22 00:00:00,153.320007,148.55225,FRPT
2021-09-23 00:00:00,151.080002,151.0005,FRPT
2021-09-24 00:00:00,149.279999,152.09006,FRPT
2021-09-27 00:00:00,147.940002,151.89673,FRPT
2021-09-28 00:00:00,142.520004,150.86342,FRPT
2021-09-29 00:00:00,143.729996,148.41847,FRPT
2021-09-30 00:00:00,142.690002,146.31712,FRPT
2021-10-01 00:00:00,145.080002,144.58461,FRPT
2021-10-04 00:00:00,144.940002,144.01152,FRPT
2021-10-05 00:00:00,144.600006,144.03802,FRPT
2021-10-06 00:00:00,144.589996,144.30606,FRPT
2021-10-07 00:00:00,143.220001,144.69426,FRPT
2021-10-08 00:00:00,133.830002,144.79678,FRPT
2021-10-11 00:00:00,130.360001,142.67273,FRPT
2021-10-12 00:00:00,132.190002,139.53004,FRPT
2021-10-13 00:00:00,141.240005,137.19513,FRPT
2021-10-14 00:00:00,147.080002,137.78781,FRPT
2021-10-15 00:00:00,148.5,140.73407,FRPT
2019-10-17 00:00:00,25.700001,,PETQ
2019-10-18 00:00:00,23.969999,,PETQ
2019-10-21 00:00:00,25.889999,,PETQ
2019-10-22 00:00:00,26.385,,PETQ
2019-10-23 00:00:00,25.559999,,PETQ
2019-10-24 00:00:00,25.059999,,PETQ
2019-10-25 00:00:00,24.690001,,PETQ
2019-10-28 00:00:00,25.200001,,PETQ
2019-10-29 00:00:00,25.120001,,PETQ
2019-10-30 00:00:00,24.99,,PETQ
2019-10-31 00:00:00,24.719999,,PETQ
2019-11-01 00:00:00,25.549999,,PETQ
2019-11-04 00:00:00,26.01,,PETQ
2019-11-05 00:00:00,26.440001,,PETQ
2019-11-06 00:00:00,25.530001,,PETQ
2019-11-07 00:00:00,26.200001,,PETQ
2019-11-08 00:00:00,23.219999,,PETQ
2019-11-11 00:00:00,22.73,,PETQ
2019-11-12 00:00:00,22.41,,PETQ
2019-11-13 00:00:00,23.969999,,PETQ
2019-11-14 00:00:00,24.25,,PETQ
2019-11-15 00:00:00,24.02,,PETQ
2019-11-18 00:00:00,23.18,,PETQ
2019-11-19 00:00:00,23.66,,PETQ
2019-11-20 00:00:00,23.719999,,PETQ
2019-11-21 00:00:00,23.77,,PETQ
2019-11-22 00:00:00,22.92,,PETQ
2019-11-25 00:00:00,23.09,,PETQ
2019-11-26 00:00:00,22.24,,PETQ
2019-11-27 00:00:00,22.469999,,PETQ
2019-11-29 00:00:00,23,,PETQ
2019-12-02 00:00:00,22.945,,PETQ
2019-12-03 00:00:00,22.809999,,PETQ
2019-12-04 00:00:00,22.790001,,PETQ
2019-12-05 00:00:00,23.33,,PETQ
2019-12-06 00:00:00,23.870001,,PETQ
2019-12-09 00:00:00,24.219999,,PETQ
2019-12-10 00:00:00,23.66,,PETQ
2019-12-11 00:00:00,24.6,,PETQ
2019-12-12 00:00:00,24.559999,,PETQ
2019-12-13 00:00:00,24.59,,PETQ
2019-12-16 00:00:00,25.16,,PETQ
2019-12-17 00:00:00,25,,PETQ
2019-12-18 00:00:00,24.969999,,PETQ
2019-12-19 00:00:00,25.075001,,PETQ
2019-12-20 00:00:00,25.860001,,PETQ
2019-12-23 00:00:00,25.65,,PETQ
2019-12-24 00:00:00,25.959999,,PETQ
2019-12-26 00:00:00,25.16,,PETQ
2019-12-27 00:00:00,24.940001,,PETQ
2019-12-30 00:00:00,24.6,,PETQ
2019-12-31 00:00:00,25.049999,,PETQ
2020-01-02 00:00:00,24.82,,PETQ
2020-01-03 00:00:00,25.07,,PETQ
2020-01-06 00:00:00,24.82,,PETQ
2020-01-07 00:00:00,24.709999,,PETQ
2020-01-08 00:00:00,24.35,,PETQ
2020-01-09 00:00:00,24.59,,PETQ
2020-01-10 00:00:00,25.52,,PETQ
2020-01-13 00:00:00,27.280001,,PETQ
2020-01-14 00:00:00,29.639999,,PETQ
2020-01-15 00:00:00,30.5,,PETQ
2020-01-16 00:00:00,31.26,,PETQ
2020-01-17 00:00:00,30.74,,PETQ
2020-01-21 00:00:00,29.48,,PETQ
2020-01-22 00:00:00,30.299999,,PETQ
2020-01-23 00:00:00,30.719999,,PETQ
2020-01-24 00:00:00,30.879999,,PETQ
2020-01-27 00:00:00,30.280001,,PETQ
2020-01-28 00:00:00,30.299999,,PETQ
2020-01-29 00:00:00,30.700001,,PETQ
2020-01-30 00:00:00,30.709999,,PETQ
2020-01-31 00:00:00,29.75,,PETQ
2020-02-03 00:00:00,29.959999,,PETQ
2020-02-04 00:00:00,30.85,,PETQ
2020-02-05 00:00:00,31.129999,,PETQ
2020-02-06 00:00:00,31.309999,,PETQ
2020-02-07 00:00:00,31.549999,,PETQ
2020-02-10 00:00:00,32.009998,,PETQ
2020-02-11 00:00:00,33.209999,,PETQ
2020-02-12 00:00:00,34.139999,,PETQ
2020-02-13 00:00:00,34.279999,,PETQ
2020-02-14 00:00:00,33.810001,,PETQ
2020-02-18 00:00:00,33.970001,,PETQ
2020-02-19 00:00:00,34.779999,,PETQ
2020-02-20 00:00:00,34.939999,,PETQ
2020-02-21 00:00:00,34.759998,,PETQ
2020-02-24 00:00:00,33.450001,,PETQ
2020-02-25 00:00:00,32.73,,PETQ
2020-02-26 00:00:00,32.740002,,PETQ
2020-02-27 00:00:00,31.809999,,PETQ
2020-02-28 00:00:00,31.1,,PETQ
2020-03-02 00:00:00,30.5,,PETQ
2020-03-03 00:00:00,30.059999,,PETQ
2020-03-04 00:00:00,30.26,,PETQ
2020-03-05 00:00:00,29.07,,PETQ
2020-03-06 00:00:00,28.559999,,PETQ
2020-03-09 00:00:00,25.01,,PETQ
2020-03-10 00:00:00,26.17,,PETQ
2020-03-11 00:00:00,22.59,,PETQ
2020-03-12 00:00:00,19.49,,PETQ
2020-03-13 00:00:00,21.82,,PETQ
2020-03-16 00:00:00,17.209999,,PETQ
2020-03-17 00:00:00,18,,PETQ
2020-03-18 00:00:00,16.59,,PETQ
2020-03-19 00:00:00,21.24,,PETQ
2020-03-20 00:00:00,17.93,,PETQ
2020-03-23 00:00:00,18,,PETQ
2020-03-24 00:00:00,20.459999,,PETQ
2020-03-25 00:00:00,20.42,,PETQ
2020-03-26 00:00:00,21.41,,PETQ
2020-03-27 00:00:00,21.450001,,PETQ
2020-03-30 00:00:00,23.280001,,PETQ
2020-03-31 00:00:00,23.23,,PETQ
2020-04-01 00:00:00,20.16,,PETQ
2020-04-02 00:00:00,20.299999,,PETQ
2020-04-03 00:00:00,20.58,,PETQ
2020-04-06 00:00:00,23.889999,,PETQ
2020-04-07 00:00:00,23.879999,,PETQ
2020-04-08 00:00:00,25.219999,,PETQ
2020-04-09 00:00:00,25.790001,,PETQ
2020-04-13 00:00:00,23.85,,PETQ
2020-04-14 00:00:00,24.92,,PETQ
2020-04-15 00:00:00,23.049999,,PETQ
2020-04-16 00:00:00,22.129999,,PETQ
2020-04-17 00:00:00,23.360001,,PETQ
2020-04-20 00:00:00,22.860001,,PETQ
2020-04-21 00:00:00,22.35,,PETQ
2020-04-22 00:00:00,22.84,,PETQ
2020-04-23 00:00:00,23.1,,PETQ
2020-04-24 00:00:00,24.41,,PETQ
2020-04-27 00:00:00,27.290001,,PETQ
2020-04-28 00:00:00,28.5,,PETQ
2020-04-29 00:00:00,29.84,,PETQ
2020-04-30 00:00:00,28.6,,PETQ
2020-05-01 00:00:00,28.309999,,PETQ
2020-05-04 00:00:00,27.75,,PETQ
2020-05-05 00:00:00,29.16,,PETQ
2020-05-06 00:00:00,28.4,,PETQ
2020-05-07 00:00:00,28.35,,PETQ
2020-05-08 00:00:00,26.75,,PETQ
2020-05-11 00:00:00,26.02,,PETQ
2020-05-12 00:00:00,28.52,,PETQ
2020-05-13 00:00:00,27.129999,,PETQ
2020-05-14 00:00:00,23.719999,,PETQ
2020-05-15 00:00:00,25.709999,,PETQ
2020-05-18 00:00:00,26.950001,,PETQ
2020-05-19 00:00:00,27.02,,PETQ
2020-05-20 00:00:00,27.42,,PETQ
2020-05-21 00:00:00,28.559999,,PETQ
2020-05-22 00:00:00,28.82,,PETQ
2020-05-26 00:00:00,29.58,,PETQ
2020-05-27 00:00:00,30.75,,PETQ
2020-05-28 00:00:00,30.41,,PETQ
2020-05-29 00:00:00,30.68,,PETQ
2020-06-01 00:00:00,30.24,,PETQ
2020-06-02 00:00:00,29.84,,PETQ
2020-06-03 00:00:00,29.99,,PETQ
2020-06-04 00:00:00,30.17,,PETQ
2020-06-05 00:00:00,30.309999,,PETQ
2020-06-08 00:00:00,33.09,,PETQ
2020-06-09 00:00:00,30.58,,PETQ
2020-06-10 00:00:00,31.48,,PETQ
2020-06-11 00:00:00,30,,PETQ
2020-06-12 00:00:00,29.950001,,PETQ
2020-06-15 00:00:00,31.120001,,PETQ
2020-06-16 00:00:00,30.84,,PETQ
2020-06-17 00:00:00,32.68,,PETQ
2020-06-18 00:00:00,32.209999,,PETQ
2020-06-19 00:00:00,31.68,,PETQ
2020-06-22 00:00:00,32.43,,PETQ
2020-06-23 00:00:00,32.790001,,PETQ
2020-06-24 00:00:00,33.959999,,PETQ
2020-06-25 00:00:00,34.419998,,PETQ
2020-06-26 00:00:00,34.240002,,PETQ
2020-06-29 00:00:00,33.860001,,PETQ
2020-06-30 00:00:00,34.84,,PETQ
2020-07-01 00:00:00,34.900002,,PETQ
2020-07-02 00:00:00,35.830002,,PETQ
2020-07-06 00:00:00,34.630001,,PETQ
2020-07-07 00:00:00,33.860001,,PETQ
2020-07-08 00:00:00,33.419998,,PETQ
2020-07-09 00:00:00,33.860001,,PETQ
2020-07-10 00:00:00,34.939999,,PETQ
2020-07-13 00:00:00,33.669998,,PETQ
2020-07-14 00:00:00,34.66,,PETQ
2020-07-15 00:00:00,34.830002,,PETQ
2020-07-16 00:00:00,35.459999,,PETQ
2020-07-17 00:00:00,36.630001,,PETQ
2020-07-20 00:00:00,35.830002,,PETQ
2020-07-21 00:00:00,35.82,,PETQ
2020-07-22 00:00:00,35.68,,PETQ
2020-07-23 00:00:00,36.220001,,PETQ
2020-07-24 00:00:00,35.91,,PETQ
2020-07-27 00:00:00,36.25,,PETQ
2020-07-28 00:00:00,35.959999,,PETQ
2020-07-29 00:00:00,36.099998,,PETQ
2020-07-30 00:00:00,36.34,,PETQ
2020-07-31 00:00:00,36.490002,,PETQ
2020-08-03 00:00:00,37.169998,,PETQ
2020-08-04 00:00:00,37.43,,PETQ
2020-08-05 00:00:00,37.07,,PETQ
2020-08-06 00:00:00,37.490002,,PETQ
2020-08-07 00:00:00,31.535,,PETQ
2020-08-10 00:00:00,30.885,,PETQ
2020-08-11 00:00:00,29.33,,PETQ
2020-08-12 00:00:00,29.6,,PETQ
2020-08-13 00:00:00,29.57,,PETQ
2020-08-14 00:00:00,29.67,,PETQ
2020-08-17 00:00:00,31.110001,,PETQ
2020-08-18 00:00:00,30.23,,PETQ
2020-08-19 00:00:00,30.780001,,PETQ
2020-08-20 00:00:00,31.24,,PETQ
2020-08-21 00:00:00,30.9,,PETQ
2020-08-24 00:00:00,31.26,,PETQ
2020-08-25 00:00:00,31.959999,,PETQ
2020-08-26 00:00:00,32.869999,,PETQ
2020-08-27 00:00:00,33.98,,PETQ
2020-08-28 00:00:00,35.049999,,PETQ
2020-08-31 00:00:00,35.18,,PETQ
2020-09-01 00:00:00,35.349998,,PETQ
2020-09-02 00:00:00,34.709999,,PETQ
2020-09-03 00:00:00,33.450001,,PETQ
2020-09-04 00:00:00,32.735001,,PETQ
2020-09-08 00:00:00,31.24,,PETQ
2020-09-09 00:00:00,31.540001,,PETQ
2020-09-10 00:00:00,31.450001,,PETQ
2020-09-11 00:00:00,31.35,,PETQ
2020-09-14 00:00:00,31.91,,PETQ
2020-09-15 00:00:00,31.93,,PETQ
2020-09-16 00:00:00,31.629999,,PETQ
2020-09-17 00:00:00,31.309999,,PETQ
2020-09-18 00:00:00,30.92,,PETQ
2020-09-21 00:00:00,29.780001,,PETQ
2020-09-22 00:00:00,29.040001,,PETQ
2020-09-23 00:00:00,29.870001,,PETQ
2020-09-24 00:00:00,30.860001,,PETQ
2020-09-25 00:00:00,31.91,,PETQ
2020-09-28 00:00:00,33.029999,,PETQ
2020-09-29 00:00:00,32.779999,,PETQ
2020-09-30 00:00:00,32.919998,,PETQ
2020-10-01 00:00:00,32.48,,PETQ
2020-10-02 00:00:00,32.98,,PETQ
2020-10-05 00:00:00,33.709999,,PETQ
2020-10-06 00:00:00,33.740002,,PETQ
2020-10-07 00:00:00,34.540001,,PETQ
2020-10-08 00:00:00,33.470001,,PETQ
2020-10-09 00:00:00,33.18,,PETQ
2020-10-12 00:00:00,32.810001,,PETQ
2020-10-13 00:00:00,32.93,,PETQ
2020-10-14 00:00:00,32.380001,,PETQ
2020-10-15 00:00:00,32.580002,,PETQ
2020-10-16 00:00:00,32.610001,,PETQ
2020-10-19 00:00:00,31.98,,PETQ
2020-10-20 00:00:00,31.84,,PETQ
2020-10-21 00:00:00,31.049999,,PETQ
2020-10-22 00:00:00,30.4,,PETQ
2020-10-23 00:00:00,30.469999,,PETQ
2020-10-26 00:00:00,29.51,,PETQ
2020-10-27 00:00:00,29.504999,,PETQ
2020-10-28 00:00:00,28.5,,PETQ
2020-10-29 00:00:00,28.629999,,PETQ
2020-10-30 00:00:00,28.559999,,PETQ
2020-11-02 00:00:00,28.92,,PETQ
2020-11-03 00:00:00,29.959999,,PETQ
2020-11-04 00:00:00,30.66,,PETQ
2020-11-05 00:00:00,30.66,,PETQ
2020-11-06 00:00:00,25.82,,PETQ
2020-11-09 00:00:00,25.83,,PETQ
2020-11-10 00:00:00,24.99,,PETQ
2020-11-11 00:00:00,26.35,,PETQ
2020-11-12 00:00:00,26.290001,,PETQ
2020-11-13 00:00:00,27.07,,PETQ
2020-11-16 00:00:00,27.5,,PETQ
2020-11-17 00:00:00,27.700001,,PETQ
2020-11-18 00:00:00,27.5,,PETQ
2020-11-19 00:00:00,28.200001,,PETQ
2020-11-20 00:00:00,28.530001,,PETQ
2020-11-23 00:00:00,29.49,,PETQ
2020-11-24 00:00:00,29.85,,PETQ
2020-11-25 00:00:00,29.110001,,PETQ
2020-11-27 00:00:00,29.43,,PETQ
2020-11-30 00:00:00,28.780001,,PETQ
2020-12-01 00:00:00,29.059999,,PETQ
2020-12-02 00:00:00,29.280001,,PETQ
2020-12-03 00:00:00,29.98,,PETQ
2020-12-04 00:00:00,29.77,,PETQ
2020-12-07 00:00:00,30.25,,PETQ
2020-12-08 00:00:00,31.290001,,PETQ
2020-12-09 00:00:00,31.719999,,PETQ
2020-12-10 00:00:00,31.99,,PETQ
2020-12-11 00:00:00,31.190001,,PETQ
2020-12-14 00:00:00,30.844999,,PETQ
2020-12-15 00:00:00,31.48,,PETQ
2020-12-16 00:00:00,32.5,,PETQ
2020-12-17 00:00:00,33.360001,,PETQ
2020-12-18 00:00:00,33.080002,,PETQ
2020-12-21 00:00:00,33.639999,,PETQ
2020-12-22 00:00:00,34.32,,PETQ
2020-12-23 00:00:00,34.185001,,PETQ
2020-12-24 00:00:00,35.540001,,PETQ
2020-12-28 00:00:00,36.610001,,PETQ
2020-12-29 00:00:00,36.41,,PETQ
2020-12-30 00:00:00,36.889999,,PETQ
2020-12-31 00:00:00,38.450001,,PETQ
2021-01-04 00:00:00,35.75,,PETQ
2021-01-05 00:00:00,35.560001,,PETQ
2021-01-06 00:00:00,35.349998,,PETQ
2021-01-07 00:00:00,35.41,,PETQ
2021-01-08 00:00:00,35.720001,,PETQ
2021-01-11 00:00:00,35.959999,,PETQ
2021-01-12 00:00:00,36.939999,,PETQ
2021-01-13 00:00:00,37.419998,,PETQ
2021-01-14 00:00:00,37.82,,PETQ
2021-01-15 00:00:00,37.43,,PETQ
2021-01-19 00:00:00,36.290001,,PETQ
2021-01-20 00:00:00,35.599998,,PETQ
2021-01-21 00:00:00,34.810001,,PETQ
2021-01-22 00:00:00,34.59,,PETQ
2021-01-25 00:00:00,34.990002,,PETQ
2021-01-26 00:00:00,34.869999,,PETQ
2021-01-27 00:00:00,36.919998,,PETQ
2021-01-28 00:00:00,36.48,,PETQ
2021-01-29 00:00:00,34.66,,PETQ
2021-02-01 00:00:00,34.279999,,PETQ
2021-02-02 00:00:00,33.709999,,PETQ
2021-02-03 00:00:00,33.740002,,PETQ
2021-02-04 00:00:00,34.400002,,PETQ
2021-02-05 00:00:00,35.18,,PETQ
2021-02-08 00:00:00,36.360001,,PETQ
2021-02-09 00:00:00,35.68,,PETQ
2021-02-10 00:00:00,35.799999,,PETQ
2021-02-11 00:00:00,36.119999,,PETQ
2021-02-12 00:00:00,36.119999,,PETQ
2021-02-16 00:00:00,36.09,,PETQ
2021-02-17 00:00:00,35.240002,,PETQ
2021-02-18 00:00:00,34.240002,,PETQ
2021-02-19 00:00:00,33.990002,,PETQ
2021-02-22 00:00:00,34.02,,PETQ
2021-02-23 00:00:00,33.57,,PETQ
2021-02-24 00:00:00,35.5,,PETQ
2021-02-25 00:00:00,37.259998,,PETQ
2021-02-26 00:00:00,34.470001,,PETQ
2021-03-01 00:00:00,35.66,,PETQ
2021-03-02 00:00:00,34.32,,PETQ
2021-03-03 00:00:00,33.189999,,PETQ
2021-03-04 00:00:00,32.599998,,PETQ
2021-03-05 00:00:00,33.540001,,PETQ
2021-03-08 00:00:00,34.389999,,PETQ
2021-03-09 00:00:00,35.439999,,PETQ
2021-03-10 00:00:00,36.02,,PETQ
2021-03-11 00:00:00,37.049999,,PETQ
2021-03-12 00:00:00,36.549999,,PETQ
2021-03-15 00:00:00,37.57,,PETQ
2021-03-16 00:00:00,36.77,,PETQ
2021-03-17 00:00:00,36.849998,,PETQ
2021-03-18 00:00:00,36.009998,,PETQ
2021-03-19 00:00:00,36.290001,,PETQ
2021-03-22 00:00:00,36.040001,,PETQ
2021-03-23 00:00:00,35.580002,,PETQ
2021-03-24 00:00:00,34.82,,PETQ
2021-03-25 00:00:00,35.07,,PETQ
2021-03-26 00:00:00,34.529999,,PETQ
2021-03-29 00:00:00,33.700001,,PETQ
2021-03-30 00:00:00,33.869999,,PETQ
2021-03-31 00:00:00,35.259998,,PETQ
2021-04-01 00:00:00,35.380001,,PETQ
2021-04-05 00:00:00,35.990002,,PETQ
2021-04-06 00:00:00,36.18,,PETQ
2021-04-07 00:00:00,34.939999,,PETQ
2021-04-08 00:00:00,35.689999,,PETQ
2021-04-09 00:00:00,36.27,,PETQ
2021-04-12 00:00:00,36.27,,PETQ
2021-04-13 00:00:00,37.450001,,PETQ
2021-04-14 00:00:00,36.5,,PETQ
2021-04-15 00:00:00,36.59,,PETQ
2021-04-16 00:00:00,37,,PETQ
2021-04-19 00:00:00,39.139999,,PETQ
2021-04-20 00:00:00,41.389999,,PETQ
2021-04-21 00:00:00,41.669998,,PETQ
2021-04-22 00:00:00,42.150002,,PETQ
2021-04-23 00:00:00,43.189999,,PETQ
2021-04-26 00:00:00,44.860001,,PETQ
2021-04-27 00:00:00,45.349998,,PETQ
2021-04-28 00:00:00,43.93,,PETQ
2021-04-29 00:00:00,42.939999,,PETQ
2021-04-30 00:00:00,42.599998,,PETQ
2021-05-03 00:00:00,42.610001,,PETQ
2021-05-04 00:00:00,41.349998,,PETQ
2021-05-05 00:00:00,41.380001,,PETQ
2021-05-06 00:00:00,43.77,,PETQ
2021-05-07 00:00:00,42.919998,,PETQ
2021-05-10 00:00:00,42.029999,,PETQ
2021-05-11 00:00:00,41.740002,,PETQ
2021-05-12 00:00:00,39.400002,,PETQ
2021-05-13 00:00:00,39.98,,PETQ
2021-05-14 00:00:00,39.41,,PETQ
2021-05-17 00:00:00,39.959999,,PETQ
2021-05-18 00:00:00,40.41,,PETQ
2021-05-19 00:00:00,40.849998,,PETQ
2021-05-20 00:00:00,40.150002,,PETQ
2021-05-21 00:00:00,40.509998,,PETQ
2021-05-24 00:00:00,41,,PETQ
2021-05-25 00:00:00,40.490002,,PETQ
2021-05-26 00:00:00,40.139999,39.967358,PETQ
2021-05-27 00:00:00,40.509998,39.59816,PETQ
2021-05-28 00:00:00,41.099998,39.57712,PETQ
2021-06-01 00:00:00,37.630001,39.96776,PETQ
2021-06-02 00:00:00,38,38.257015,PETQ
2021-06-03 00:00:00,38.09,37.28204,PETQ
2021-06-04 00:00:00,38.450001,37.023636,PETQ
2021-06-07 00:00:00,38.490002,37.29872,PETQ
2021-06-08 00:00:00,38.700001,37.62192,PETQ
2021-06-09 00:00:00,38.98,37.94449,PETQ
2021-06-10 00:00:00,39.73,38.266315,PETQ
2021-06-11 00:00:00,39.5,38.83032,PETQ
2021-06-14 00:00:00,39.630001,38.99271,PETQ
2021-06-15 00:00:00,40.200001,39.029907,PETQ
2021-06-16 00:00:00,39.25,39.305016,PETQ
2021-06-17 00:00:00,40.189999,38.911373,PETQ
2021-06-18 00:00:00,40.02,39.105877,PETQ
2021-06-21 00:00:00,40.790001,39.199394,PETQ
2021-06-22 00:00:00,41.09,39.66167,PETQ
2021-06-23 00:00:00,40.23,40.117172,PETQ
2021-06-24 00:00:00,40.32,39.82524,PETQ
2021-06-25 00:00:00,40.189999,39.58004,PETQ
2021-06-28 00:00:00,40.07,39.38492,PETQ
2021-06-29 00:00:00,40.09,39.238537,PETQ
2021-06-30 00:00:00,38.599998,39.20449,PETQ
2021-07-01 00:00:00,38.259998,38.38387,PETQ
2021-07-02 00:00:00,37.779999,37.679302,PETQ
2021-07-06 00:00:00,37.169998,37.12569,PETQ
2021-07-07 00:00:00,37.16,36.59799,PETQ
2021-07-08 00:00:00,37.509998,36.392895,PETQ
2021-07-09 00:00:00,37.990002,36.595085,PETQ
2021-07-12 00:00:00,38.59,37.078014,PETQ
2021-07-13 00:00:00,38.470001,37.7225,PETQ
2021-07-14 00:00:00,37.990002,37.997517,PETQ
2021-07-15 00:00:00,37.16,37.763626,PETQ
2021-07-16 00:00:00,36.279999,37.055264,PETQ
2021-07-19 00:00:00,35.810001,36.112907,PETQ
2021-07-20 00:00:00,36.689999,35.350716,PETQ
2021-07-21 00:00:00,36.57,35.503017,PETQ
2021-07-22 00:00:00,36.150002,35.73963,PETQ
2021-07-23 00:00:00,36.540001,35.691525,PETQ
2021-07-26 00:00:00,36.119999,35.83823,PETQ
2021-07-27 00:00:00,36.009998,35.729553,PETQ
2021-07-28 00:00:00,35.880001,35.565422,PETQ
2021-07-29 00:00:00,35.52,35.39809,PETQ
2021-07-30 00:00:00,35.360001,35.12181,PETQ
2021-08-02 00:00:00,35.720001,34.880405,PETQ
2021-08-03 00:00:00,35.310001,34.962624,PETQ
2021-08-04 00:00:00,34.75,34.864838,PETQ
2021-08-05 00:00:00,30.15,34.496696,PETQ
2021-08-06 00:00:00,29.27,31.914783,PETQ
2021-08-09 00:00:00,28.860001,29.763391,PETQ
2021-08-10 00:00:00,28.559999,28.557945,PETQ
2021-08-11 00:00:00,27.59,28.050175,PETQ
2021-08-12 00:00:00,26.709999,27.580187,PETQ
2021-08-13 00:00:00,26.129999,27.020088,PETQ
2021-08-16 00:00:00,26.17,26.491026,PETQ
2021-08-17 00:00:00,25.49,26.258755,PETQ
2021-08-18 00:00:00,24.48,25.929167,PETQ
2021-08-19 00:00:00,23.99,25.307312,PETQ
2021-08-20 00:00:00,24.9,24.685682,PETQ
2021-08-23 00:00:00,24.25,24.709515,PETQ
2021-08-24 00:00:00,25.049999,24.616276,PETQ
2021-08-25 00:00:00,25.34,24.87809,PETQ
2021-08-26 00:00:00,24.83,25.239613,PETQ
2021-08-27 00:00:00,25.4,25.256365,PETQ
2021-08-30 00:00:00,25.49,25.407278,PETQ
2021-08-31 00:00:00,25.950001,25.544687,PETQ
2021-09-01 00:00:00,26.549999,25.799355,PETQ
2021-09-02 00:00:00,26.780001,26.21543,PETQ
2021-09-03 00:00:00,26.93,26.579334,PETQ
2021-09-07 00:00:00,27.440001,26.824728,PETQ
2021-09-08 00:00:00,27.360001,27.13969,PETQ
2021-09-09 00:00:00,27.530001,27.281162,PETQ
2021-09-10 00:00:00,27.84,27.379013,PETQ
2021-09-13 00:00:00,28.280001,27.54613,PETQ
2021-09-14 00:00:00,27.440001,27.84284,PETQ
2021-09-15 00:00:00,26.120001,27.66023,PETQ
2021-09-16 00:00:00,25.23,26.861845,PETQ
2021-09-17 00:00:00,24.98,25.884274,PETQ
2021-09-20 00:00:00,24.5,25.187706,PETQ
2021-09-21 00:00:00,24.809999,24.675182,PETQ
2021-09-22 00:00:00,24.91,24.588682,PETQ
2021-09-23 00:00:00,25.219999,24.722036,PETQ
2021-09-24 00:00:00,24.68,25.01903,PETQ
2021-09-27 00:00:00,25.51,25.028952,PETQ
2021-09-28 00:00:00,25.41,25.320934,PETQ
2021-09-29 00:00:00,26.23,25.5138,PETQ
2021-09-30 00:00:00,24.969999,25.943157,PETQ
2021-10-01 00:00:00,25.5,25.70003,PETQ
2021-10-04 00:00:00,25.02,25.606716,PETQ
2021-10-05 00:00:00,24.209999,25.365328,PETQ
2021-10-06 00:00:00,23.68,24.843979,PETQ
2021-10-07 00:00:00,24.809999,24.253073,PETQ
2021-10-08 00:00:00,25.24,24.357555,PETQ
2021-10-11 00:00:00,24.74,24.781872,PETQ
2021-10-12 00:00:00,25.030001,24.92384,PETQ
2021-10-13 00:00:00,25.110001,25.068422,PETQ
2021-10-14 00:00:00,25.41,25.183538,PETQ
2021-10-15 00:00:00,25.4,25.363482,PETQ
2019-10-17 00:00:00,22.4,,TRUP
2019-10-18 00:00:00,22.309999,,TRUP
2019-10-21 00:00:00,22.620001,,TRUP
2019-10-22 00:00:00,22.57,,TRUP
2019-10-23 00:00:00,22.139999,,TRUP
2019-10-24 00:00:00,22,,TRUP
2019-10-25 00:00:00,22.790001,,TRUP
2019-10-28 00:00:00,23.299999,,TRUP
2019-10-29 00:00:00,23.24,,TRUP
2019-10-30 00:00:00,23.52,,TRUP
2019-10-31 00:00:00,23.700001,,TRUP
2019-11-01 00:00:00,23.75,,TRUP
2019-11-04 00:00:00,24,,TRUP
2019-11-05 00:00:00,24.040001,,TRUP
2019-11-06 00:00:00,29.620001,,TRUP
2019-11-07 00:00:00,30.42,,TRUP
2019-11-08 00:00:00,31.48,,TRUP
2019-11-11 00:00:00,31.219999,,TRUP
2019-11-12 00:00:00,31.525,,TRUP
2019-11-13 00:00:00,31.469999,,TRUP
2019-11-14 00:00:00,31.07,,TRUP
2019-11-15 00:00:00,32.349998,,TRUP
2019-11-18 00:00:00,33.389999,,TRUP
2019-11-19 00:00:00,34.43,,TRUP
2019-11-20 00:00:00,34.389999,,TRUP
2019-11-21 00:00:00,34.25,,TRUP
2019-11-22 00:00:00,33.790001,,TRUP
2019-11-25 00:00:00,34.57,,TRUP
2019-11-26 00:00:00,34.720001,,TRUP
2019-11-27 00:00:00,34.060001,,TRUP
2019-11-29 00:00:00,34.080002,,TRUP
2019-12-02 00:00:00,33.360001,,TRUP
2019-12-03 00:00:00,32.389999,,TRUP
2019-12-04 00:00:00,32.669998,,TRUP
2019-12-05 00:00:00,32.59,,TRUP
2019-12-06 00:00:00,33.09,,TRUP
2019-12-09 00:00:00,33.84,,TRUP
2019-12-10 00:00:00,33.91,,TRUP
2019-12-11 00:00:00,33.75,,TRUP
2019-12-12 00:00:00,34.360001,,TRUP
2019-12-13 00:00:00,35.290001,,TRUP
2019-12-16 00:00:00,34.935001,,TRUP
2019-12-17 00:00:00,34.970001,,TRUP
2019-12-18 00:00:00,35,,TRUP
2019-12-19 00:00:00,36.099998,,TRUP
2019-12-20 00:00:00,36.630001,,TRUP
2019-12-23 00:00:00,36.509998,,TRUP
2019-12-24 00:00:00,36.619999,,TRUP
2019-12-26 00:00:00,36.369999,,TRUP
2019-12-27 00:00:00,36.41,,TRUP
2019-12-30 00:00:00,36.759998,,TRUP
2019-12-31 00:00:00,37.459999,,TRUP
2020-01-02 00:00:00,36.240002,,TRUP
2020-01-03 00:00:00,36.080002,,TRUP
2020-01-06 00:00:00,36.02,,TRUP
2020-01-07 00:00:00,37.215,,TRUP
2020-01-08 00:00:00,37.080002,,TRUP
2020-01-09 00:00:00,34.48,,TRUP
2020-01-10 00:00:00,31.23,,TRUP
2020-01-13 00:00:00,30.65,,TRUP
2020-01-14 00:00:00,30.92,,TRUP
2020-01-15 00:00:00,31.73,,TRUP
2020-01-16 00:00:00,32.200001,,TRUP
2020-01-17 00:00:00,32.790001,,TRUP
2020-01-21 00:00:00,31.969999,,TRUP
2020-01-22 00:00:00,33.345001,,TRUP
2020-01-23 00:00:00,33.584999,,TRUP
2020-01-24 00:00:00,33.82,,TRUP
2020-01-27 00:00:00,32,,TRUP
2020-01-28 00:00:00,32.189999,,TRUP
2020-01-29 00:00:00,32.32,,TRUP
2020-01-30 00:00:00,32.540001,,TRUP
2020-01-31 00:00:00,31.92,,TRUP
2020-02-03 00:00:00,32.470001,,TRUP
2020-02-04 00:00:00,33.09,,TRUP
2020-02-05 00:00:00,33.810001,,TRUP
2020-02-06 00:00:00,33.470001,,TRUP
2020-02-07 00:00:00,33,,TRUP
2020-02-10 00:00:00,34.099998,,TRUP
2020-02-11 00:00:00,35.16,,TRUP
2020-02-12 00:00:00,35.599998,,TRUP
2020-02-13 00:00:00,36.27,,TRUP
2020-02-14 00:00:00,29.4,,TRUP
2020-02-18 00:00:00,32.285,,TRUP
2020-02-19 00:00:00,33.25,,TRUP
2020-02-20 00:00:00,33.755001,,TRUP
2020-02-21 00:00:00,32.900002,,TRUP
2020-02-24 00:00:00,32.599998,,TRUP
2020-02-25 00:00:00,31.27,,TRUP
2020-02-26 00:00:00,31.65,,TRUP
2020-02-27 00:00:00,29.82,,TRUP
2020-02-28 00:00:00,30.74,,TRUP
2020-03-02 00:00:00,31.52,,TRUP
2020-03-03 00:00:00,31.52,,TRUP
2020-03-04 00:00:00,32.200001,,TRUP
2020-03-05 00:00:00,30.950001,,TRUP
2020-03-06 00:00:00,31.1,,TRUP
2020-03-09 00:00:00,29.879999,,TRUP
2020-03-10 00:00:00,28.67,,TRUP
2020-03-11 00:00:00,26.040001,,TRUP
2020-03-12 00:00:00,25.469999,,TRUP
2020-03-13 00:00:00,27.540001,,TRUP
2020-03-16 00:00:00,28.049999,,TRUP
2020-03-17 00:00:00,27.700001,,TRUP
2020-03-18 00:00:00,26.610001,,TRUP
2020-03-19 00:00:00,25.85,,TRUP
2020-03-20 00:00:00,23.84,,TRUP
2020-03-23 00:00:00,26.01,,TRUP
2020-03-24 00:00:00,28.92,,TRUP
2020-03-25 00:00:00,25.915001,,TRUP
2020-03-26 00:00:00,28.309999,,TRUP
2020-03-27 00:00:00,26.559999,,TRUP
2020-03-30 00:00:00,25.6,,TRUP
2020-03-31 00:00:00,26.030001,,TRUP
2020-04-01 00:00:00,24.58,,TRUP
2020-04-02 00:00:00,24.77,,TRUP
2020-04-03 00:00:00,24.5,,TRUP
2020-04-06 00:00:00,26.83,,TRUP
2020-04-07 00:00:00,26.690001,,TRUP
2020-04-08 00:00:00,29.18,,TRUP
2020-04-09 00:00:00,31.08,,TRUP
2020-04-13 00:00:00,29.370001,,TRUP
2020-04-14 00:00:00,31.32,,TRUP
2020-04-15 00:00:00,30.690001,,TRUP
2020-04-16 00:00:00,32.68,,TRUP
2020-04-17 00:00:00,30.719999,,TRUP
2020-04-20 00:00:00,31.32,,TRUP
2020-04-21 00:00:00,29.959999,,TRUP
2020-04-22 00:00:00,30.059999,,TRUP
2020-04-23 00:00:00,29.98,,TRUP
2020-04-24 00:00:00,29.65,,TRUP
2020-04-27 00:00:00,30.379999,,TRUP
2020-04-28 00:00:00,33.459999,,TRUP
2020-04-29 00:00:00,33.580002,,TRUP
2020-04-30 00:00:00,29.91,,TRUP
2020-05-01 00:00:00,28.18,,TRUP
2020-05-04 00:00:00,28.26,,TRUP
2020-05-05 00:00:00,28.9,,TRUP
2020-05-06 00:00:00,28.799999,,TRUP
2020-05-07 00:00:00,29.530001,,TRUP
2020-05-08 00:00:00,29.940001,,TRUP
2020-05-11 00:00:00,30.129999,,TRUP
2020-05-12 00:00:00,28.1,,TRUP
2020-05-13 00:00:00,26.209999,,TRUP
2020-05-14 00:00:00,25.879999,,TRUP
2020-05-15 00:00:00,27.690001,,TRUP
2020-05-18 00:00:00,29.15,,TRUP
2020-05-19 00:00:00,29.49,,TRUP
2020-05-20 00:00:00,29.9,,TRUP
2020-05-21 00:00:00,31.18,,TRUP
2020-05-22 00:00:00,30.969999,,TRUP
2020-05-26 00:00:00,33.209999,,TRUP
2020-05-27 00:00:00,32.939999,,TRUP
2020-05-28 00:00:00,31.469999,,TRUP
2020-05-29 00:00:00,30.120001,,TRUP
2020-06-01 00:00:00,31.52,,TRUP
2020-06-02 00:00:00,32.560001,,TRUP
2020-06-03 00:00:00,34.599998,,TRUP
2020-06-04 00:00:00,34.389999,,TRUP
2020-06-05 00:00:00,35.669998,,TRUP
2020-06-08 00:00:00,36.16,,TRUP
2020-06-09 00:00:00,35.959999,,TRUP
2020-06-10 00:00:00,35.799999,,TRUP
2020-06-11 00:00:00,31.690001,,TRUP
2020-06-12 00:00:00,35.259998,,TRUP
2020-06-15 00:00:00,36.59,,TRUP
2020-06-16 00:00:00,38.75,,TRUP
2020-06-17 00:00:00,37.889999,,TRUP
2020-06-18 00:00:00,38.299999,,TRUP
2020-06-19 00:00:00,38.27,,TRUP
2020-06-22 00:00:00,40.540001,,TRUP
2020-06-23 00:00:00,41.540001,,TRUP
2020-06-24 00:00:00,41.360001,,TRUP
2020-06-25 00:00:00,42.740002,,TRUP
2020-06-26 00:00:00,41.790001,,TRUP
2020-06-29 00:00:00,42.290001,,TRUP
2020-06-30 00:00:00,42.689999,,TRUP
2020-07-01 00:00:00,45.150002,,TRUP
2020-07-02 00:00:00,42.889999,,TRUP
2020-07-06 00:00:00,44.349998,,TRUP
2020-07-07 00:00:00,43.849998,,TRUP
2020-07-08 00:00:00,45.91,,TRUP
2020-07-09 00:00:00,45.57,,TRUP
2020-07-10 00:00:00,47.369999,,TRUP
2020-07-13 00:00:00,45.98,,TRUP
2020-07-14 00:00:00,47.889999,,TRUP
2020-07-15 00:00:00,48.580002,,TRUP
2020-07-16 00:00:00,48.889999,,TRUP
2020-07-17 00:00:00,49.450001,,TRUP
2020-07-20 00:00:00,49.93,,TRUP
2020-07-21 00:00:00,49.700001,,TRUP
2020-07-22 00:00:00,49.91,,TRUP
2020-07-23 00:00:00,51.889999,,TRUP
2020-07-24 00:00:00,52.700001,,TRUP
2020-07-27 00:00:00,49.73,,TRUP
2020-07-28 00:00:00,48.93,,TRUP
2020-07-29 00:00:00,50.5,,TRUP
2020-07-30 00:00:00,50.439999,,TRUP
2020-07-31 00:00:00,50.57,,TRUP
2020-08-03 00:00:00,50.509998,,TRUP
2020-08-04 00:00:00,52.82,,TRUP
2020-08-05 00:00:00,64.800003,,TRUP
2020-08-06 00:00:00,74.470001,,TRUP
2020-08-07 00:00:00,70.230003,,TRUP
2020-08-10 00:00:00,68.339996,,TRUP
2020-08-11 00:00:00,62.509998,,TRUP
2020-08-12 00:00:00,60.080002,,TRUP
2020-08-13 00:00:00,59.970001,,TRUP
2020-08-14 00:00:00,60.5,,TRUP
2020-08-17 00:00:00,61,,TRUP
2020-08-18 00:00:00,59.799999,,TRUP
2020-08-19 00:00:00,59.389999,,TRUP
2020-08-20 00:00:00,59.009998,,TRUP
2020-08-21 00:00:00,57.849998,,TRUP
2020-08-24 00:00:00,57.459999,,TRUP
2020-08-25 00:00:00,57.32,,TRUP
2020-08-26 00:00:00,64.620003,,TRUP
2020-08-27 00:00:00,64.919998,,TRUP
2020-08-28 00:00:00,65.989998,,TRUP
2020-08-31 00:00:00,62.73,,TRUP
2020-09-01 00:00:00,68.019997,,TRUP
2020-09-02 00:00:00,68.860001,,TRUP
2020-09-03 00:00:00,66.5,,TRUP
2020-09-04 00:00:00,67.620003,,TRUP
2020-09-08 00:00:00,66.43,,TRUP
2020-09-09 00:00:00,70.57,,TRUP
2020-09-10 00:00:00,71.120003,,TRUP
2020-09-11 00:00:00,70.400002,,TRUP
2020-09-14 00:00:00,71.529999,,TRUP
2020-09-15 00:00:00,71.669998,,TRUP
2020-09-16 00:00:00,72.110001,,TRUP
2020-09-17 00:00:00,70.18,,TRUP
2020-09-18 00:00:00,69.330002,,TRUP
2020-09-21 00:00:00,69.040001,,TRUP
2020-09-22 00:00:00,69.82,,TRUP
2020-09-23 00:00:00,69.540001,,TRUP
2020-09-24 00:00:00,70.5,,TRUP
2020-09-25 00:00:00,73.18,,TRUP
2020-09-28 00:00:00,72.5,,TRUP
2020-09-29 00:00:00,78.68,,TRUP
2020-09-30 00:00:00,78.900002,,TRUP
2020-10-01 00:00:00,81.160004,,TRUP
2020-10-02 00:00:00,83.370003,,TRUP
2020-10-05 00:00:00,87.239998,,TRUP
2020-10-06 00:00:00,86.370003,,TRUP
2020-10-07 00:00:00,86.870003,,TRUP
2020-10-08 00:00:00,87.199997,,TRUP
2020-10-09 00:00:00,89.980003,,TRUP
2020-10-12 00:00:00,91.785004,,TRUP
2020-10-13 00:00:00,89.940002,,TRUP
2020-10-14 00:00:00,90.599998,,TRUP
2020-10-15 00:00:00,92.989998,,TRUP
2020-10-16 00:00:00,92.480003,,TRUP
2020-10-19 00:00:00,93.300003,,TRUP
2020-10-20 00:00:00,86.449997,,TRUP
2020-10-21 00:00:00,78.940002,,TRUP
2020-10-22 00:00:00,74.230003,,TRUP
2020-10-23 00:00:00,74.900002,,TRUP
2020-10-26 00:00:00,73.199997,,TRUP
2020-10-27 00:00:00,72.660004,,TRUP
2020-10-28 00:00:00,71.5,,TRUP
2020-10-29 00:00:00,72.059998,,TRUP
2020-10-30 00:00:00,71.540001,,TRUP
2020-11-02 00:00:00,78.209999,,TRUP
2020-11-03 00:00:00,84.099998,,TRUP
2020-11-04 00:00:00,90.059998,,TRUP
2020-11-05 00:00:00,90.68,,TRUP
2020-11-06 00:00:00,91.75,,TRUP
2020-11-09 00:00:00,85.18,,TRUP
2020-11-10 00:00:00,82.07,,TRUP
2020-11-11 00:00:00,84.5,,TRUP
2020-11-12 00:00:00,83.769997,,TRUP
2020-11-13 00:00:00,86.870003,,TRUP
2020-11-16 00:00:00,90.099998,,TRUP
2020-11-17 00:00:00,92.75,,TRUP
2020-11-18 00:00:00,95.269997,,TRUP
2020-11-19 00:00:00,96.190002,,TRUP
2020-11-20 00:00:00,95.93,,TRUP
2020-11-23 00:00:00,96.089996,,TRUP
2020-11-24 00:00:00,95.620003,,TRUP
2020-11-25 00:00:00,95.330002,,TRUP
2020-11-27 00:00:00,98,,TRUP
2020-11-30 00:00:00,101.379997,,TRUP
2020-12-01 00:00:00,96.519997,,TRUP
2020-12-02 00:00:00,94.050003,,TRUP
2020-12-03 00:00:00,94.830002,,TRUP
2020-12-04 00:00:00,95.900002,,TRUP
2020-12-07 00:00:00,99.029999,,TRUP
2020-12-08 00:00:00,102.300003,,TRUP
2020-12-09 00:00:00,101.010002,,TRUP
2020-12-10 00:00:00,99.870003,,TRUP
2020-12-11 00:00:00,103.169998,,TRUP
2020-12-14 00:00:00,103.370003,,TRUP
2020-12-15 00:00:00,110.190002,,TRUP
2020-12-16 00:00:00,110.580002,,TRUP
2020-12-17 00:00:00,115.089996,,TRUP
2020-12-18 00:00:00,117.019997,,TRUP
2020-12-21 00:00:00,117.120003,,TRUP
2020-12-22 00:00:00,122.080002,,TRUP
2020-12-23 00:00:00,121.029999,,TRUP
2020-12-24 00:00:00,120.650002,,TRUP
2020-12-28 00:00:00,119.839996,,TRUP
2020-12-29 00:00:00,118.040001,,TRUP
2020-12-30 00:00:00,121.339996,,TRUP
2020-12-31 00:00:00,119.709999,,TRUP
2021-01-04 00:00:00,114.440002,,TRUP
2021-01-05 00:00:00,116.459999,,TRUP
2021-01-06 00:00:00,117.080002,,TRUP
2021-01-07 00:00:00,118.779999,,TRUP
2021-01-08 00:00:00,116,,TRUP
2021-01-11 00:00:00,116.970001,,TRUP
2021-01-12 00:00:00,112.5,,TRUP
2021-01-13 00:00:00,116.360001,,TRUP
2021-01-14 00:00:00,121.669998,,TRUP
2021-01-15 00:00:00,117.449997,,TRUP
2021-01-19 00:00:00,120.410004,,TRUP
2021-01-20 00:00:00,117.650002,,TRUP
2021-01-21 00:00:00,115.660004,,TRUP
2021-01-22 00:00:00,118.07,,TRUP
2021-01-25 00:00:00,117.879997,,TRUP
2021-01-26 00:00:00,119.089996,,TRUP
2021-01-27 00:00:00,118.510002,,TRUP
2021-01-28 00:00:00,116.110001,,TRUP
2021-01-29 00:00:00,112.199997,,TRUP
2021-02-01 00:00:00,113.220001,,TRUP
2021-02-02 00:00:00,118.129997,,TRUP
2021-02-03 00:00:00,116.970001,,TRUP
2021-02-04 00:00:00,118.910004,,TRUP
2021-02-05 00:00:00,119.220001,,TRUP
2021-02-08 00:00:00,123.860001,,TRUP
2021-02-09 00:00:00,119.760002,,TRUP
2021-02-10 00:00:00,119.980003,,TRUP
2021-02-11 00:00:00,106.379997,,TRUP
2021-02-12 00:00:00,107.860001,,TRUP
2021-02-16 00:00:00,106.169998,,TRUP
2021-02-17 00:00:00,104.800003,,TRUP
2021-02-18 00:00:00,103.889999,,TRUP
2021-02-19 00:00:00,106.68,,TRUP
2021-02-22 00:00:00,105.419998,,TRUP
2021-02-23 00:00:00,97.980003,,TRUP
2021-02-24 00:00:00,102,,TRUP
2021-02-25 00:00:00,94.720001,,TRUP
2021-02-26 00:00:00,96.760002,,TRUP
2021-03-01 00:00:00,101.779999,,TRUP
2021-03-02 00:00:00,95.910004,,TRUP
2021-03-03 00:00:00,91.57,,TRUP
2021-03-04 00:00:00,86.029999,,TRUP
2021-03-05 00:00:00,85.879997,,TRUP
2021-03-08 00:00:00,82.269997,,TRUP
2021-03-09 00:00:00,87.349998,,TRUP
2021-03-10 00:00:00,89.639999,,TRUP
2021-03-11 00:00:00,94.510002,,TRUP
2021-03-12 00:00:00,93.230003,,TRUP
2021-03-15 00:00:00,89.93,,TRUP
2021-03-16 00:00:00,90.089996,,TRUP
2021-03-17 00:00:00,90.919998,,TRUP
2021-03-18 00:00:00,79.730003,,TRUP
2021-03-19 00:00:00,80.330002,,TRUP
2021-03-22 00:00:00,80.43,,TRUP
2021-03-23 00:00:00,78.330002,,TRUP
2021-03-24 00:00:00,74.959999,,TRUP
2021-03-25 00:00:00,76.769997,,TRUP
2021-03-26 00:00:00,76.07,,TRUP
2021-03-29 00:00:00,73.559998,,TRUP
2021-03-30 00:00:00,74.540001,,TRUP
2021-03-31 00:00:00,76.209999,,TRUP
2021-04-01 00:00:00,78.379997,,TRUP
2021-04-05 00:00:00,72.769997,,TRUP
2021-04-06 00:00:00,75.389999,,TRUP
2021-04-07 00:00:00,72,,TRUP
2021-04-08 00:00:00,75.099998,,TRUP
2021-04-09 00:00:00,75.620003,,TRUP
2021-04-12 00:00:00,75.599998,,TRUP
2021-04-13 00:00:00,77.269997,,TRUP
2021-04-14 00:00:00,76.379997,,TRUP
2021-04-15 00:00:00,79,,TRUP
2021-04-16 00:00:00,81.190002,,TRUP
2021-04-19 00:00:00,81.139999,,TRUP
2021-04-20 00:00:00,78.139999,,TRUP
2021-04-21 00:00:00,80.93,,TRUP
2021-04-22 00:00:00,80.699997,,TRUP
2021-04-23 00:00:00,82.660004,,TRUP
2021-04-26 00:00:00,85.620003,,TRUP
2021-04-27 00:00:00,83.529999,,TRUP
2021-04-28 00:00:00,83.879997,,TRUP
2021-04-29 00:00:00,82.519997,,TRUP
2021-04-30 00:00:00,81.099998,,TRUP
2021-05-03 00:00:00,81.709999,,TRUP
2021-05-04 00:00:00,76.690002,,TRUP
2021-05-05 00:00:00,77.110001,,TRUP
2021-05-06 00:00:00,78.120003,,TRUP
2021-05-07 00:00:00,83.279999,,TRUP
2021-05-10 00:00:00,75.389999,,TRUP
2021-05-11 00:00:00,76.110001,,TRUP
2021-05-12 00:00:00,74.709999,,TRUP
2021-05-13 00:00:00,75.029999,,TRUP
2021-05-14 00:00:00,78.019997,,TRUP
2021-05-17 00:00:00,77.300003,,TRUP
2021-05-18 00:00:00,76.529999,,TRUP
2021-05-19 00:00:00,75.839996,,TRUP
2021-05-20 00:00:00,78.580002,,TRUP
2021-05-21 00:00:00,78.080002,,TRUP
2021-05-24 00:00:00,81.559998,,TRUP
2021-05-25 00:00:00,83.410004,,TRUP
2021-05-26 00:00:00,89.870003,79.65999,TRUP
2021-05-27 00:00:00,88.019997,82.40291,TRUP
2021-05-28 00:00:00,90.169998,84.61214,TRUP
2021-06-01 00:00:00,87.699997,86.645966,TRUP
2021-06-02 00:00:00,87.160004,87.60918,TRUP
2021-06-03 00:00:00,87.309998,87.84532,TRUP
2021-06-04 00:00:00,87.800003,87.76841,TRUP
2021-06-07 00:00:00,92.790001,87.67095,TRUP
2021-06-08 00:00:00,96.57,88.66763,TRUP
2021-06-09 00:00:00,94.940002,90.65991,TRUP
2021-06-10 00:00:00,93.919998,92.2075,TRUP
2021-06-11 00:00:00,95.550003,93.03978,TRUP
2021-06-14 00:00:00,99,93.79044,TRUP
2021-06-15 00:00:00,100.150002,95.098274,TRUP
2021-06-16 00:00:00,99.650002,96.549164,TRUP
2021-06-17 00:00:00,100.589996,97.60379,TRUP
2021-06-18 00:00:00,104.610001,98.487724,TRUP
2021-06-21 00:00:00,105.800003,100.012,TRUP
2021-06-22 00:00:00,108.690002,101.66087,TRUP
2021-06-23 00:00:00,110.849998,103.63997,TRUP
2021-06-24 00:00:00,114.349998,105.76474,TRUP
2021-06-25 00:00:00,112.150002,108.25453,TRUP
2021-06-28 00:00:00,114.449997,109.742,TRUP
2021-06-29 00:00:00,116.699997,111.06677,TRUP
2021-06-30 00:00:00,115.099998,112.504364,TRUP
2021-07-01 00:00:00,116.889999,113.21295,TRUP
2021-07-02 00:00:00,115.510002,113.904144,TRUP
2021-07-06 00:00:00,120.290001,114.04425,TRUP
2021-07-07 00:00:00,118.339996,115.07754,TRUP
2021-07-08 00:00:00,112.940002,115.647896,TRUP
2021-07-09 00:00:00,113.010002,114.630615,TRUP
2021-07-12 00:00:00,110.589996,113.33196,TRUP
2021-07-13 00:00:00,108.620003,111.62743,TRUP
2021-07-14 00:00:00,106.230003,109.71213,TRUP
2021-07-15 00:00:00,104.580002,107.611465,TRUP
2021-07-16 00:00:00,105.300003,105.56393,TRUP
2021-07-19 00:00:00,108.790001,104.19139,TRUP
2021-07-20 00:00:00,111.5,104.19268,TRUP
2021-07-21 00:00:00,116.720001,105.32506,TRUP
2021-07-22 00:00:00,112.230003,107.85896,TRUP
2021-07-23 00:00:00,114.970001,109.26778,TRUP
2021-07-26 00:00:00,113.550003,110.667885,TRUP
2021-07-27 00:00:00,113.809998,111.38309,TRUP
2021-07-28 00:00:00,115.839996,111.75463,TRUP
2021-07-29 00:00:00,116.610001,112.37743,TRUP
2021-07-30 00:00:00,115.019997,113.09127,TRUP
2021-08-02 00:00:00,114.089996,113.27256,TRUP
2021-08-03 00:00:00,115.93,113.000244,TRUP
2021-08-04 00:00:00,114.949997,113.054344,TRUP
2021-08-05 00:00:00,113.809998,112.94325,TRUP
2021-08-06 00:00:00,99.400002,112.52775,TRUP
2021-08-09 00:00:00,102.080002,108.70948,TRUP
2021-08-10 00:00:00,99.589996,105.32067,TRUP
2021-08-11 00:00:00,97.839996,102.22274,TRUP
2021-08-12 00:00:00,98.209999,99.55193,TRUP
2021-08-13 00:00:00,96.82,97.751724,TRUP
2021-08-16 00:00:00,92.300003,96.38294,TRUP
2021-08-17 00:00:00,87.800003,94.51263,TRUP
2021-08-18 00:00:00,86.330002,91.9475,TRUP
2021-08-19 00:00:00,85.849998,89.4315,TRUP
2021-08-20 00:00:00,89.879997,87.40711,TRUP
2021-08-23 00:00:00,95.32,86.911804,TRUP
2021-08-24 00:00:00,96.43,88.29948,TRUP
2021-08-25 00:00:00,93.830002,90.35944,TRUP
2021-08-26 00:00:00,89.82,91.69125,TRUP
2021-08-27 00:00:00,92.910004,91.61783,TRUP
2021-08-30 00:00:00,95.489998,91.76512,TRUP
2021-08-31 00:00:00,91.580002,92.504684,TRUP
2021-09-01 00:00:00,93.550003,92.40372,TRUP
2021-09-02 00:00:00,90.190002,92.48372,TRUP
2021-09-03 00:00:00,90.940002,91.83456,TRUP
2021-09-07 00:00:00,84.529999,91.243095,TRUP
2021-09-08 00:00:00,87.550003,89.36147,TRUP
2021-09-09 00:00:00,91.059998,88.11909,TRUP
2021-09-10 00:00:00,89.5,88.11843,TRUP
2021-09-13 00:00:00,85.559998,88.21834,TRUP
2021-09-14 00:00:00,82.959999,87.49546,TRUP
2021-09-15 00:00:00,83.089996,86.09217,TRUP
2021-09-16 00:00:00,81.650002,84.78281,TRUP
2021-09-17 00:00:00,82.730003,83.47061,TRUP
2021-09-20 00:00:00,81.989998,82.68302,TRUP
2021-09-21 00:00:00,80.730003,82.09855,TRUP
2021-09-22 00:00:00,85.470001,81.46041,TRUP
2021-09-23 00:00:00,86.839996,81.98061,TRUP
2021-09-24 00:00:00,84.919998,83.11037,TRUP
2021-09-27 00:00:00,86.669998,83.82703,TRUP
2021-09-28 00:00:00,81.110001,84.646935,TRUP
2021-09-29 00:00:00,81.080002,84.10857,TRUP
2021-09-30 00:00:00,77.669998,83.20634,TRUP
2021-10-01 00:00:00,79.690002,81.60665,TRUP
2021-10-04 00:00:00,76.949997,80.52752,TRUP
2021-10-05 00:00:00,78.769997,79.258934,TRUP
2021-10-06 00:00:00,82.139999,78.59138,TRUP
2021-10-07 00:00:00,83.5,79.00183,TRUP
2021-10-08 00:00:00,85.059998,80.02236,TRUP
2021-10-11 00:00:00,87.480003,81.41244,TRUP
2021-10-12 00:00:00,85.239998,83.18743,TRUP
2021-10-13 00:00:00,89.900002,84.241585,TRUP
2021-10-14 00:00:00,94.25,85.843414,TRUP
2021-10-15 00:00:00,91.160004,88.239624,TRUP
