,Date,Open,High,Low,Close,Adj Close,Volume
0,2019-06-14,36.0,41.34,32.740002,34.990002,34.990002,69671400
1,2019-06-17,34.720001,35.360001,32.669998,33.700001,33.700001,15403000
2,2019-06-18,34.5,37.470001,34.349998,37.360001,37.360001,11022800
3,2019-06-19,37.599998,37.630001,34.25,34.900002,34.900002,11163600
4,2019-06-20,35.110001,35.549999,33.599998,34.23,34.23,7901000
5,2019-06-21,33.490002,34.0,31.200001,32.279999,32.279999,9277700
6,2019-06-24,31.879999,32.869999,30.790001,31.530001,31.530001,3680400
7,2019-06-25,32.0,32.560001,30.785,31.799999,31.799999,3232900
8,2019-06-26,32.400002,32.779999,31.735001,32.369999,32.369999,2124600
9,2019-06-27,32.419998,33.400002,32.368,33.310001,33.310001,1559900
10,2019-06-28,33.400002,35.400002,33.349998,35.0,35.0,5280600
11,2019-07-01,35.0,35.16,33.049999,33.650002,33.650002,2549000
12,2019-07-02,33.619999,33.619999,32.5,33.009998,33.009998,1194800
13,2019-07-03,33.0,34.310001,33.0,33.82,33.82,1191400
14,2019-07-05,33.529999,34.580002,33.220001,34.27,34.27,1889100
15,2019-07-08,34.200001,34.799999,33.93,34.400002,34.400002,2177900
16,2019-07-09,33.919998,34.490002,32.758999,33.290001,33.290001,3507700
17,2019-07-10,33.439999,34.139999,33.005001,33.209999,33.209999,2065900
18,2019-07-11,33.400002,33.630001,32.919998,33.380001,33.380001,1597100
19,2019-07-12,33.400002,34.060001,33.400002,33.959999,33.959999,1414500
20,2019-07-15,34.009998,34.049999,33.040001,33.09,33.09,1840700
21,2019-07-16,33.23,33.279999,32.549999,32.810001,32.810001,1800600
22,2019-07-17,32.57,32.599998,31.15,31.66,31.66,3829900
23,2019-07-18,31.35,33.150002,30.940001,32.849998,32.849998,5567800
24,2019-07-19,33.810001,33.82,30.25,30.690001,30.690001,11071400
25,2019-07-22,30.85,31.73,30.200001,30.209999,30.209999,3180800
26,2019-07-23,30.469999,30.573999,29.030001,29.610001,29.610001,5317800
27,2019-07-24,29.719999,32.849998,29.52,32.700001,32.700001,5582000
28,2019-07-25,32.580002,33.849998,32.310001,33.75,33.75,4979600
29,2019-07-26,33.630001,33.75,32.313999,32.450001,32.450001,2169700
30,2019-07-29,32.450001,34.200001,32.400002,34.16,34.16,1896300
31,2019-07-30,33.860001,34.639999,33.689999,34.43,34.43,1320000
32,2019-07-31,34.57,35.5,33.25,33.560001,33.560001,2406900
33,2019-08-01,33.73,35.09,33.459999,33.580002,33.580002,1884700
34,2019-08-02,33.57,34.299999,32.34,32.57,32.57,2101100
35,2019-08-05,31.700001,32.619999,31.5,32.209999,32.209999,2519600
36,2019-08-06,32.650002,33.209999,31.790001,32.619999,32.619999,1617800
37,2019-08-07,32.209999,32.48,31.27,32.330002,32.330002,1602200
38,2019-08-08,32.400002,34.029999,32.310001,33.950001,33.950001,1286900
39,2019-08-09,33.919998,34.990002,33.5,33.75,33.75,1384700
40,2019-08-12,33.259998,33.75,32.75,33.720001,33.720001,937100
41,2019-08-13,33.389999,35.200001,32.650002,32.970001,32.970001,1785400
42,2019-08-14,32.639999,32.639999,30.57,31.84,31.84,2213500
43,2019-08-15,31.84,32.007,30.0,30.860001,30.860001,2528400
44,2019-08-16,30.969999,31.365,30.629999,30.940001,30.940001,1639600
45,2019-08-19,31.26,31.799999,30.75,31.57,31.57,1388300
46,2019-08-20,31.51,32.189999,31.1,32.119999,32.119999,735100
47,2019-08-21,32.25,32.48,31.01,31.5,31.5,1230300
48,2019-08-22,31.33,31.74,30.450001,30.91,30.91,885600
49,2019-08-23,30.6,30.719999,29.66,29.780001,29.780001,2847800
50,2019-08-26,30.02,31.24,29.91,31.0,31.0,1800100
51,2019-08-27,31.32,32.240002,30.299999,30.77,30.77,1777000
52,2019-08-28,30.5,30.85,30.190001,30.4,30.4,684000
53,2019-08-29,30.91,31.705,30.469999,31.700001,31.700001,892700
54,2019-08-30,31.82,33.220001,31.68,33.0,33.0,1242100
55,2019-09-03,32.75,34.119999,32.507999,33.290001,33.290001,1933200
56,2019-09-04,33.630001,34.75,33.48,34.32,34.32,1890700
57,2019-09-05,34.68,34.900002,33.580002,34.0,34.0,1558100
58,2019-09-06,34.02,34.5,32.66,32.790001,32.790001,1130600
59,2019-09-09,33.0,33.740002,32.209999,33.439999,33.439999,1021200
60,2019-09-10,33.09,33.099998,30.209999,30.440001,30.440001,3040200
61,2019-09-11,30.690001,30.98,29.860001,30.280001,30.280001,2116000
62,2019-09-12,30.5,30.915001,29.25,29.51,29.51,2205500
63,2019-09-13,29.700001,29.879999,29.450001,29.48,29.48,1524300
64,2019-09-16,29.27,30.92,29.188,30.43,30.43,2713100
65,2019-09-17,30.76,31.040001,29.4,30.25,30.25,4661400
66,2019-09-18,29.200001,29.4,27.379999,28.389999,28.389999,9530300
67,2019-09-19,28.110001,28.690001,26.85,27.43,27.43,5779600
68,2019-09-20,27.48,27.809999,26.290001,26.389999,26.389999,5267300
69,2019-09-23,27.459999,27.99,27.059999,27.5,27.5,3134600
70,2019-09-24,27.6,27.870001,25.92,26.030001,26.030001,2864000
71,2019-09-25,26.639999,27.110001,26.139999,27.049999,27.049999,2254600
72,2019-09-26,26.889999,26.950001,25.92,26.280001,26.280001,1870500
73,2019-09-27,26.209999,26.5,25.809999,26.01,26.01,1881000
74,2019-09-30,26.219999,26.43,24.52,24.58,24.58,2554300
75,2019-10-01,24.66,25.049999,23.02,23.15,23.15,4025100
76,2019-10-02,23.0,24.27,22.280001,24.049999,24.049999,3713300
77,2019-10-03,24.51,25.17,23.65,24.42,24.42,1912100
78,2019-10-04,24.450001,25.98,24.43,25.860001,25.860001,1767300
79,2019-10-07,25.879999,26.950001,25.85,26.719999,26.719999,2587600
80,2019-10-08,26.370001,26.59,25.77,26.209999,26.209999,2186100
81,2019-10-09,26.209999,26.73,25.309999,25.389999,25.389999,976700
82,2019-10-10,25.33,26.120001,25.1,25.389999,25.389999,1221600
83,2019-10-11,25.32,26.49,25.290001,26.040001,26.040001,977700
84,2019-10-14,25.879999,26.162001,24.879999,25.780001,25.780001,1334700
85,2019-10-15,25.700001,26.950001,25.65,26.790001,26.790001,1194600
86,2019-10-16,26.91,27.34,26.33,26.49,26.49,1374800
87,2019-10-17,26.5,26.940001,26.15,26.74,26.74,1716500
88,2019-10-18,26.860001,27.290001,26.48,27.049999,27.049999,1704100
89,2019-10-21,27.049999,28.24,26.709999,27.860001,27.860001,1548700
90,2019-10-22,28.0,28.49,27.608,28.059999,28.059999,1371900
91,2019-10-23,28.15,28.209999,26.65,26.790001,26.790001,1477500
92,2019-10-24,26.84,27.25,26.65,26.73,26.73,1222100
93,2019-10-25,26.75,28.27,26.75,27.790001,27.790001,1075300
94,2019-10-28,27.299999,27.66,26.9,27.25,27.25,1070300
95,2019-10-29,27.190001,27.209999,25.76,25.77,25.77,1195900
96,2019-10-30,25.83,26.01,24.92,25.389999,25.389999,966000
97,2019-10-31,25.360001,25.440001,24.48,24.67,24.67,1195900
98,2019-11-01,24.870001,24.875999,23.51,23.91,23.91,2166600
99,2019-11-04,24.15,24.43,23.639999,23.75,23.75,1321400
100,2019-11-05,23.889999,24.65,23.049999,24.530001,24.530001,1867800
101,2019-11-06,24.43,24.6,23.129999,23.639999,23.639999,1837100
102,2019-11-07,23.639999,24.09,22.77,22.969999,22.969999,1232200
103,2019-11-08,23.0,23.18,22.559999,22.99,22.99,1102500
104,2019-11-11,23.549999,23.639999,22.75,22.950001,22.950001,2387200
105,2019-11-12,22.889999,23.530001,22.559999,23.030001,23.030001,1967500
106,2019-11-13,23.049999,24.0,22.879999,23.85,23.85,1636500
107,2019-11-14,23.85,23.93,22.76,23.4,23.4,1558600
108,2019-11-15,23.549999,23.690001,22.950001,23.4,23.4,1279400
109,2019-11-18,23.15,23.299999,21.68,22.129999,22.129999,3447000
110,2019-11-19,22.0,23.6,21.959999,23.120001,23.120001,3646400
111,2019-11-20,23.049999,23.67,22.719999,23.200001,23.200001,2175800
112,2019-11-21,23.16,23.290001,22.5,22.68,22.68,1443300
113,2019-11-22,22.950001,23.01,22.341,22.889999,22.889999,1537300
114,2019-11-25,22.799999,23.74,22.620001,23.389999,23.389999,4445200
115,2019-11-26,23.52,24.18,23.360001,23.9,23.9,1594900
116,2019-11-27,23.959999,24.48,23.639999,24.379999,24.379999,1150300
117,2019-11-29,24.379999,24.950001,24.202,24.76,24.76,909200
118,2019-12-02,24.98,24.99,23.35,23.83,23.83,3010400
119,2019-12-03,23.24,24.51,22.98,24.309999,24.309999,2213100
120,2019-12-04,24.530001,24.545,22.67,22.889999,22.889999,2904900
121,2019-12-05,23.889999,24.639999,23.01,24.33,24.33,3646600
122,2019-12-06,24.450001,25.34,24.120001,24.950001,24.950001,2999600
123,2019-12-09,25.33,25.360001,23.84,24.18,24.18,5005900
124,2019-12-10,24.0,26.07,23.07,25.5,25.5,9117600
125,2019-12-11,26.799999,27.690001,26.059999,26.879999,26.879999,7758500
126,2019-12-12,27.049999,28.677,27.01,27.950001,27.950001,6305900
127,2019-12-13,28.35,29.48,28.1,28.26,28.26,3794300
128,2019-12-16,28.33,28.49,27.24,28.030001,28.030001,2487500
129,2019-12-17,28.059999,28.6,27.639999,28.57,28.57,2393100
130,2019-12-18,28.68,28.68,27.84,27.91,27.91,2687700
131,2019-12-19,28.219999,28.790001,27.99,28.559999,28.559999,2492000
132,2019-12-20,28.530001,29.5,28.530001,29.08,29.08,12146300
133,2019-12-23,29.17,29.440001,27.66,28.440001,28.440001,3795200
134,2019-12-24,28.549999,29.01,28.5,28.809999,28.809999,1571700
135,2019-12-26,29.01,29.611,28.83,29.42,29.42,2966600
136,2019-12-27,29.51,29.6,28.389999,28.629999,28.629999,1441700
137,2019-12-30,28.639999,28.665001,28.33,28.49,28.49,1767900
138,2019-12-31,28.389999,29.139999,28.200001,29.0,29.0,1705600
139,2020-01-02,29.32,29.629999,28.950001,29.620001,29.620001,2145100
140,2020-01-03,29.0,29.4,28.530001,29.34,29.34,2205300
141,2020-01-06,28.9,29.799999,28.559999,29.370001,29.370001,2110400
142,2020-01-07,29.35,29.9,29.125,29.200001,29.200001,1896700
143,2020-01-08,29.5,29.5,28.59,28.620001,28.620001,1275100
144,2020-01-09,29.92,30.620001,29.219999,29.43,29.43,4261600
145,2020-01-10,29.5,29.549999,28.51,29.23,29.23,1976700
146,2020-01-13,29.559999,30.99,29.559999,30.52,30.52,3283500
147,2020-01-14,30.799999,31.52,30.559999,31.129999,31.129999,2795400
148,2020-01-15,31.290001,31.969999,30.473,30.5,30.5,3212000
149,2020-01-16,30.75,30.77,28.879999,29.27,29.27,3362900
150,2020-01-17,29.379999,30.030001,28.709999,29.370001,29.370001,2344200
151,2020-01-21,29.43,30.190001,28.969999,30.139999,30.139999,1909100
152,2020-01-22,30.299999,30.299999,29.0,29.02,29.02,2501800
153,2020-01-23,28.9,28.969999,27.6,28.030001,28.030001,2699800
154,2020-01-24,28.299999,28.65,27.91,28.469999,28.469999,1314100
155,2020-01-27,28.450001,29.129999,28.16,28.98,28.98,1338400
156,2020-01-28,28.91,29.4,28.610001,29.26,29.26,1151900
157,2020-01-29,29.23,29.332001,28.200001,28.25,28.25,1101700
158,2020-01-30,28.17,28.9,28.114,28.620001,28.620001,1395000
159,2020-01-31,28.559999,28.59,26.059999,26.51,26.51,4522400
160,2020-02-03,26.67,28.23,26.610001,28.200001,28.200001,1751000
161,2020-02-04,28.799999,29.379999,27.129999,27.34,27.34,2228900
162,2020-02-05,27.74,27.757999,26.83,26.9,26.9,1564500
163,2020-02-06,27.15,27.799999,26.440001,27.709999,27.709999,1547700
164,2020-02-07,27.389999,28.24,27.280001,27.879999,27.879999,1560800
165,2020-02-10,27.98,28.559999,27.870001,28.049999,28.049999,1348700
166,2020-02-11,28.290001,28.549999,27.6,27.73,27.73,1482800
167,2020-02-12,27.85,28.15,27.280001,28.1,28.1,1299900
168,2020-02-13,28.0,29.049999,27.799999,28.870001,28.870001,1575600
169,2020-02-14,28.860001,29.0,28.360001,28.700001,28.700001,1566700
170,2020-02-18,28.540001,29.25,28.290001,28.92,28.92,1164700
171,2020-02-19,28.9,29.299999,28.747999,29.299999,29.299999,1058900
172,2020-02-20,29.120001,29.799999,28.950001,29.24,29.24,1163300
173,2020-02-21,32.049999,32.369999,29.85,30.4,30.4,5857300
174,2020-02-24,28.799999,31.440001,28.799999,30.84,30.84,3526600
175,2020-02-25,31.0,31.809999,29.33,29.49,29.49,2883900
176,2020-02-26,29.77,30.93,29.326,30.74,30.74,3074000
177,2020-02-27,29.879999,31.389999,29.5,30.07,30.07,2794900
178,2020-02-28,28.860001,29.9,28.360001,29.6,29.6,3611200
179,2020-03-02,30.0,30.0,28.25,28.93,28.93,2754600
180,2020-03-03,29.290001,29.690001,27.410999,27.75,27.75,3098000
181,2020-03-04,28.16,28.290001,27.26,27.93,27.93,3673200
182,2020-03-05,27.379999,29.15,27.209999,28.52,28.52,2628800
183,2020-03-06,27.690001,28.316999,27.459999,28.02,28.02,1813200
184,2020-03-09,26.389999,27.68,26.0,27.290001,27.290001,2235300
185,2020-03-10,27.74,27.99,26.110001,27.110001,27.110001,2491100
186,2020-03-11,26.719999,26.889999,24.83,25.459999,25.459999,2417300
187,2020-03-12,23.09,25.33,20.620001,22.77,22.77,3530900
188,2020-03-13,24.32,26.1,23.26,26.049999,26.049999,2368700
189,2020-03-16,23.299999,27.1,22.75,24.27,24.27,3442600
190,2020-03-17,25.059999,28.940001,24.655001,27.91,27.91,4819600
191,2020-03-18,26.459999,31.73,26.389999,30.85,30.85,8402900
192,2020-03-19,32.630001,35.0,31.33,32.419998,32.419998,5906300
193,2020-03-20,32.75,33.450001,29.155001,31.92,31.92,3068000
194,2020-03-23,32.459999,33.400002,30.35,32.139999,32.139999,2306600
195,2020-03-24,32.98,33.799999,30.02,33.650002,33.650002,3765400
196,2020-03-25,33.599998,34.380001,30.65,31.07,31.07,2827200
197,2020-03-26,30.889999,34.349998,30.5,33.810001,33.810001,2603700
198,2020-03-27,33.490002,36.349998,32.549999,36.16,36.16,3478000
199,2020-03-30,37.98,39.630001,36.512001,38.0,38.0,7100800
200,2020-03-31,38.380001,38.849998,37.07,37.490002,37.490002,3215400
201,2020-04-01,37.73,37.939999,35.529999,35.98,35.98,3506300
202,2020-04-02,35.34,36.98,34.200001,35.060001,35.060001,5657100
203,2020-04-03,35.23,35.446999,31.780001,33.369999,33.369999,7131600
204,2020-04-06,33.639999,35.48,33.0,33.220001,33.220001,3815800
205,2020-04-07,33.759998,34.099998,31.809999,33.310001,33.310001,3273100
206,2020-04-08,33.459999,38.380001,33.459999,36.93,36.93,7632200
207,2020-04-09,37.200001,42.689999,37.0,42.610001,42.610001,8351800
208,2020-04-13,42.0,42.490002,39.259998,40.240002,40.240002,4172200
209,2020-04-14,41.41,43.330002,41.195999,41.32,41.32,2418000
210,2020-04-15,41.0,44.699001,40.299999,43.91,43.91,3795800
211,2020-04-16,44.630001,47.549999,43.395,44.91,44.91,4420700
212,2020-04-17,42.02,44.349998,41.130001,43.779999,43.779999,4979500
213,2020-04-20,43.779999,46.0,43.25,44.720001,44.720001,2843200
214,2020-04-21,43.82,44.950001,41.75,43.439999,43.439999,2296300
215,2020-04-22,43.07,46.25,42.509998,44.82,44.82,3466000
216,2020-04-23,45.0,45.439999,43.279999,43.349998,43.349998,1921600
217,2020-04-24,44.09,44.490002,42.91,44.040001,44.040001,2072400
218,2020-04-27,45.200001,46.790001,44.700001,46.18,46.18,2217100
219,2020-04-28,46.18,46.5,42.939999,44.16,44.16,2826900
220,2020-04-29,43.889999,45.110001,42.59,45.0,45.0,4859500
221,2020-04-30,44.919998,45.060001,42.98,43.240002,43.240002,3975600
222,2020-05-01,42.18,43.849998,42.02,42.900002,42.900002,3841200
223,2020-05-04,42.0,42.720001,38.800999,39.240002,39.240002,11912100
224,2020-05-05,40.0,42.259998,39.700001,42.09,42.09,15289700
225,2020-05-06,41.93,41.93,39.380001,40.369999,40.369999,4329400
226,2020-05-07,40.959999,41.349998,39.32,39.400002,39.400002,4443500
227,2020-05-08,40.0,40.77,39.189999,39.41,39.41,3138400
228,2020-05-11,39.669998,40.040001,37.785999,39.049999,39.049999,4671200
229,2020-05-12,39.66,41.790001,37.650002,40.360001,40.360001,5786800
230,2020-05-13,40.5,42.57,39.41,41.77,41.77,5873600
231,2020-05-14,41.799999,42.445,40.310001,41.290001,41.290001,2556800
232,2020-05-15,40.759998,42.330002,40.529999,42.110001,42.110001,1780400
233,2020-05-18,42.099998,43.18,40.0,41.080002,41.080002,3594700
234,2020-05-19,41.150002,42.220001,40.0,40.049999,40.049999,2234300
235,2020-05-20,40.68,40.779999,38.150002,39.450001,39.450001,4677000
236,2020-05-21,39.73,40.700001,38.900002,40.189999,40.189999,1949800
237,2020-05-22,40.200001,42.799999,40.105,42.75,42.75,3849700
238,2020-05-26,43.599998,43.880001,41.130001,41.709999,41.709999,2676100
239,2020-05-27,41.060001,41.09,36.650002,40.130001,40.130001,4524100
240,2020-05-28,39.509998,42.619999,39.459999,41.790001,41.790001,2748700
241,2020-05-29,42.799999,44.5,42.424999,44.439999,44.439999,3066500
242,2020-06-01,44.16,46.0,44.009998,45.09,45.09,2649800
243,2020-06-02,45.189999,49.419998,45.110001,49.419998,49.419998,5268800
244,2020-06-03,48.66,49.700001,47.75,48.220001,48.220001,3516700
245,2020-06-04,49.07,51.720001,48.132999,49.110001,49.110001,4078400
246,2020-06-05,47.549999,50.119999,47.549999,48.439999,48.439999,2820400
247,2020-06-08,49.549999,51.07,48.18,48.77,48.77,5276100
248,2020-06-09,49.970001,52.259998,48.130001,51.509998,51.509998,10264200
249,2020-06-10,50.959999,52.349998,48.529999,49.630001,49.630001,8819900
250,2020-06-11,47.970001,52.450001,47.5,49.18,49.18,6355900
251,2020-06-12,50.5,51.529999,46.119999,48.130001,48.130001,4111800
252,2020-06-15,48.110001,48.919998,46.470001,46.759998,46.759998,4204000
253,2020-06-16,47.650002,48.139999,45.720001,47.09,47.09,4599100
254,2020-06-17,47.400002,50.0,46.759998,49.560001,49.560001,5804300
255,2020-06-18,49.400002,49.66,47.380001,48.200001,48.200001,3743300
256,2020-06-19,48.5,51.110001,47.450001,50.299999,50.299999,9444200
257,2020-06-22,50.900002,52.77,50.389999,50.91,50.91,4224600
258,2020-06-23,51.029999,51.82,48.48,48.91,48.91,4366100
259,2020-06-24,49.110001,51.080002,48.919998,49.740002,49.740002,4438900
260,2020-06-25,50.040001,50.73,49.042999,49.439999,49.439999,2942000
261,2020-06-26,49.380001,50.330002,46.869999,46.939999,46.939999,4374200
262,2020-06-29,47.5,47.5,44.845001,45.150002,45.150002,4853500
263,2020-06-30,45.25,46.389999,44.310001,44.689999,44.689999,3396900
264,2020-07-01,44.82,47.299999,44.744999,46.459999,46.459999,4317800
265,2020-07-02,46.919998,47.849998,46.209999,47.080002,47.080002,2733400
266,2020-07-06,47.5,48.540001,46.110001,46.970001,46.970001,3137500
267,2020-07-07,47.369999,48.240002,46.599998,47.799999,47.799999,2043300
268,2020-07-08,48.209999,50.040001,48.060001,49.990002,49.990002,3243000
269,2020-07-09,50.290001,51.935001,49.535,51.919998,51.919998,3101300
270,2020-07-10,51.959999,52.099998,47.903,48.549999,48.549999,6334500
271,2020-07-13,48.610001,52.540001,48.562,49.049999,49.049999,8499400
272,2020-07-14,48.82,49.23,45.599998,48.0,48.0,5003300
273,2020-07-15,47.540001,47.549999,46.0,47.119999,47.119999,4464800
274,2020-07-16,46.779999,48.59,46.540001,48.220001,48.220001,2854900
275,2020-07-17,48.34,49.330002,46.75,46.799999,46.799999,2907700
276,2020-07-20,47.490002,49.814999,47.330002,49.43,49.43,3413400
277,2020-07-21,49.68,49.68,47.880001,48.810001,48.810001,2401100
278,2020-07-22,48.900002,49.18,47.75,48.709999,48.709999,1379800
279,2020-07-23,48.970001,49.610001,47.02,47.52,47.52,2206400
280,2020-07-24,46.049999,46.779999,45.25,45.959999,45.959999,3242800
281,2020-07-27,46.07,47.52,45.799999,46.73,46.73,1936000
282,2020-07-28,46.740002,47.310001,45.689999,46.32,46.32,2213600
283,2020-07-29,46.419998,47.84,45.799999,47.59,47.59,9249800
284,2020-07-30,47.529999,49.279999,47.049999,49.02,49.02,4430600
285,2020-07-31,50.200001,52.5,49.910999,52.490002,52.490002,4803100
286,2020-08-03,53.75,57.490002,53.400002,56.84,56.84,6864100
287,2020-08-04,56.5,59.299999,56.07,58.139999,58.139999,3988800
288,2020-08-05,57.669998,58.880001,57.209999,58.82,58.82,1989400
289,2020-08-06,58.700001,58.880001,56.540001,56.740002,56.740002,2292300
290,2020-08-07,56.540001,56.73,53.509998,54.91,54.91,3058600
291,2020-08-10,55.560001,56.099998,51.794998,53.400002,53.400002,4223700
292,2020-08-11,52.709999,52.959999,50.220001,50.610001,50.610001,4416600
293,2020-08-12,51.16,53.610001,50.650002,53.150002,53.150002,3977800
294,2020-08-13,53.77,55.32,53.060001,54.619999,54.619999,2774600
295,2020-08-14,54.970001,54.970001,52.669998,53.790001,53.790001,2116600
296,2020-08-17,54.450001,55.900002,53.900002,55.630001,55.630001,2517400
297,2020-08-18,56.0,57.599998,55.630001,57.119999,57.119999,2533400
298,2020-08-19,57.029999,57.529999,55.849998,56.220001,56.220001,1374200
299,2020-08-20,56.040001,57.654999,56.0,57.209999,57.209999,1883100
300,2020-08-21,57.099998,57.099998,55.200001,56.970001,56.970001,1874900
301,2020-08-24,57.59,58.459999,55.310001,57.060001,57.060001,2048200
302,2020-08-25,56.560001,57.650002,55.509998,56.66,56.66,2366900
303,2020-08-26,56.939999,59.419998,56.869999,58.279999,58.279999,2538200
304,2020-08-27,58.009998,58.318001,56.150002,56.880001,56.880001,2251200
305,2020-08-28,56.810001,60.98,56.810001,59.73,59.73,4125200
306,2020-08-31,60.09,61.84,58.799999,61.07,61.07,3574100
307,2020-09-01,61.950001,70.349998,61.869999,69.43,69.43,8431300
308,2020-09-02,71.589996,74.839996,68.656998,70.099998,70.099998,9015400
309,2020-09-03,68.389999,69.529999,60.66,61.939999,61.939999,7119500
310,2020-09-04,62.5,64.550003,56.150002,61.18,61.18,5643300
311,2020-09-08,59.93,63.299999,59.450001,60.799999,60.799999,5454900
312,2020-09-09,64.349998,65.300003,61.209999,61.5,61.5,6087000
313,2020-09-10,62.0,63.68,59.619999,59.689999,59.689999,8178100
314,2020-09-11,58.82,61.25,53.57,53.810001,53.810001,15737700
315,2020-09-14,54.16,55.09,52.400002,53.0,53.0,5499800
316,2020-09-15,53.5,54.599998,52.77,54.110001,54.110001,4381400
317,2020-09-16,54.200001,57.0,54.150002,56.16,56.16,4991700
318,2020-09-17,54.59,54.84,52.859001,54.419998,54.419998,8282200
319,2020-09-18,54.34,54.849998,51.25,53.0,53.0,7087500
320,2020-09-21,52.209999,53.779999,52.049999,53.220001,53.220001,5403300
321,2020-09-22,53.93,54.73,52.759998,54.48,54.48,3908700
322,2020-09-23,54.509998,57.029999,54.110001,54.990002,54.990002,5996200
323,2020-09-24,54.5,55.860001,53.049999,54.959999,54.959999,3706700
324,2020-09-25,55.73,56.77,55.060001,56.0,56.0,4141400
325,2020-09-28,56.860001,57.303001,54.759998,56.369999,56.369999,3134300
326,2020-09-29,56.369999,57.16,54.900002,54.970001,54.970001,2852300
327,2020-09-30,54.889999,56.099998,54.549999,54.830002,54.830002,2123500
328,2020-10-01,55.669998,59.169998,55.299999,58.93,58.93,5467900
329,2020-10-02,57.73,58.470001,55.610001,56.549999,56.549999,4233100
330,2020-10-05,56.310001,57.740002,56.009998,57.52,57.52,2021100
331,2020-10-06,57.330002,58.849998,55.939999,56.16,56.16,2520100
332,2020-10-07,57.27,58.139999,56.43,57.040001,57.040001,2294900
333,2020-10-08,57.59,59.450001,57.119999,58.669998,58.669998,3082600
334,2020-10-09,59.32,61.849998,58.849998,61.580002,61.580002,3380100
335,2020-10-12,62.119999,64.949997,61.75,64.449997,64.449997,4433200
336,2020-10-13,64.150002,67.029999,63.830002,66.860001,66.860001,3357900
337,2020-10-14,67.690002,68.360001,63.73,64.120003,64.120003,3061000
338,2020-10-15,62.830002,65.720001,62.5,64.879997,64.879997,2430700
339,2020-10-16,69.43,69.817001,66.18,67.239998,67.239998,8149100
340,2020-10-19,68.019997,70.720001,67.279999,68.889999,68.889999,4217500
341,2020-10-20,68.699997,69.900002,67.730003,68.110001,68.110001,2011700
342,2020-10-21,68.82,69.800003,64.129997,64.669998,64.669998,3505300
343,2020-10-22,65.139999,65.720001,63.099998,63.619999,63.619999,2582300
344,2020-10-23,63.650002,64.470001,62.040001,63.630001,63.630001,2806400
345,2020-10-26,62.900002,64.878998,61.68,63.490002,63.490002,1580800
346,2020-10-27,64.349998,68.0,64.013,67.720001,67.720001,2512300
347,2020-10-28,68.75,72.540001,68.709999,72.010002,72.010002,6889000
348,2020-10-29,71.879997,72.5,67.660004,67.669998,67.669998,4022800
349,2020-10-30,66.910004,66.980003,60.610001,61.599998,61.599998,8243100
350,2020-11-02,62.130001,62.560001,59.751999,60.790001,60.790001,2803700
351,2020-11-03,61.290001,65.055,60.473999,64.239998,64.239998,2500600
352,2020-11-04,65.019997,68.449997,65.019997,67.040001,67.040001,2392300
353,2020-11-05,69.059998,69.779999,67.25,67.589996,67.589996,2004300
354,2020-11-06,68.040001,70.629997,66.889999,70.32,70.32,2224900
355,2020-11-09,64.529999,64.760002,60.0,62.09,62.09,8076400
356,2020-11-10,61.5,61.970001,55.810001,59.919998,59.919998,6863500
357,2020-11-11,60.91,64.900002,60.860001,63.959999,63.959999,4544800
358,2020-11-12,63.889999,65.199997,61.841999,63.380001,63.380001,3783000
359,2020-11-13,64.400002,64.782997,62.220001,62.990002,62.990002,3382500
360,2020-11-16,61.599998,65.099998,61.001999,64.330002,64.330002,2744900
361,2020-11-17,64.660004,64.919998,63.18,64.379997,64.379997,2178400
362,2020-11-18,64.199997,66.980003,64.099998,66.400002,66.400002,2912400
363,2020-11-19,66.949997,68.5,65.910004,66.720001,66.720001,2918300
364,2020-11-20,66.949997,69.720001,66.650002,68.709999,68.709999,2487800
365,2020-11-23,69.019997,69.900002,67.160004,69.269997,69.269997,2262000
366,2020-11-24,68.949997,69.040001,66.769997,67.25,67.25,2897400
367,2020-11-25,68.040001,69.720001,67.146004,69.339996,69.339996,3074400
368,2020-11-27,70.099998,74.470001,69.75,74.25,74.25,3207700
369,2020-11-30,74.580002,77.949997,72.599998,77.580002,77.580002,8927100
370,2020-12-01,78.349998,78.497002,74.309998,75.339996,75.339996,3226000
371,2020-12-02,74.25,74.25,70.510002,71.230003,71.230003,4647500
372,2020-12-03,72.290001,73.540001,70.919998,72.68,72.68,3894900
373,2020-12-04,72.699997,75.153,72.529999,74.940002,74.940002,3103400
374,2020-12-07,75.699997,77.831001,74.160004,74.779999,74.779999,4094800
375,2020-12-08,75.599998,79.779999,74.800003,79.150002,79.150002,10901300
376,2020-12-09,78.0,82.489998,74.349998,75.57,75.57,13685300
377,2020-12-10,75.860001,79.349998,75.599998,78.07,78.07,3420400
378,2020-12-11,79.110001,85.360001,78.760002,85.110001,85.110001,8780700
379,2020-12-14,84.290001,85.949997,82.059998,82.809998,82.809998,4446200
380,2020-12-15,83.0,91.370003,82.699997,91.129997,91.129997,7005400
381,2020-12-16,90.800003,94.559998,90.559998,94.120003,94.120003,5029400
382,2020-12-17,96.190002,101.040001,96.059998,100.18,100.18,7833100
383,2020-12-18,101.870003,102.709999,98.599998,100.129997,100.129997,6085800
384,2020-12-21,100.400002,109.040001,100.161003,107.489998,107.489998,7171600
385,2020-12-22,108.339996,109.730003,102.589996,106.690002,106.690002,4314900
386,2020-12-23,106.779999,107.157997,100.82,102.080002,102.080002,3805400
387,2020-12-24,102.970001,106.5,102.660004,104.010002,104.010002,1607400
388,2020-12-28,104.629997,105.0,92.389999,92.610001,92.610001,7315700
389,2020-12-29,93.0,95.989998,89.519997,90.919998,90.919998,5375100
390,2020-12-30,92.300003,94.540001,90.389999,92.339996,92.339996,4185100
391,2020-12-31,92.040001,92.400002,88.230003,89.889999,89.889999,3601900
392,2021-01-04,90.790001,91.440002,86.5,88.900002,88.900002,2991200
393,2021-01-05,88.260002,95.400002,88.004997,95.290001,95.290001,4597000
394,2021-01-06,90.910004,96.206001,90.583,94.019997,94.019997,2919900
395,2021-01-07,95.709999,99.379997,94.919998,97.980003,97.980003,2806400
396,2021-01-08,99.949997,100.5,95.830002,96.870003,96.870003,2629800
397,2021-01-11,95.290001,98.735001,93.779999,97.150002,97.150002,1809900
398,2021-01-12,98.0,104.550003,97.720001,104.150002,104.150002,3991200
399,2021-01-13,105.5,114.239998,105.010002,112.459999,112.459999,6112700
400,2021-01-14,112.5,115.274002,110.370003,114.629997,114.629997,3404600
401,2021-01-15,113.120003,113.769997,107.330002,108.110001,108.110001,3102700
402,2021-01-19,104.019997,108.940002,104.0,107.32,107.32,2846100
403,2021-01-20,108.480003,110.699997,103.790001,104.389999,104.389999,2044100
404,2021-01-21,104.989998,107.339996,103.339996,105.099998,105.099998,1746800
405,2021-01-22,106.0,106.75,101.602997,105.080002,105.080002,2498400
406,2021-01-25,106.980003,111.510002,102.339996,102.489998,102.489998,3064800
407,2021-01-26,102.5,105.480003,101.599998,102.290001,102.290001,2578400
408,2021-01-27,100.400002,112.529999,97.800003,103.989998,103.989998,6983300
409,2021-01-28,106.129997,107.040001,100.480003,103.949997,103.949997,2767300
410,2021-01-29,104.0,106.290001,98.660004,101.82,101.82,3103900
411,2021-02-01,102.360001,104.953003,99.199997,101.440002,101.440002,2840300
412,2021-02-02,103.0,104.199997,98.0,101.760002,101.760002,2695600
413,2021-02-03,102.699997,107.389999,100.300003,103.709999,103.709999,3421000
414,2021-02-04,106.0,107.796997,103.120003,106.830002,106.830002,2101100
415,2021-02-05,107.0,110.839996,105.830002,110.699997,110.699997,2074900
416,2021-02-08,111.5,112.529999,107.5,107.760002,107.760002,2423800
417,2021-02-09,107.760002,111.110001,107.720001,109.75,109.75,1369600
418,2021-02-10,111.0,111.650002,105.760002,107.089996,107.089996,1557200
419,2021-02-11,108.0,111.029999,107.129997,108.940002,108.940002,1461800
420,2021-02-12,109.889999,119.629997,108.610001,118.690002,118.690002,4341000
421,2021-02-16,116.25,120.0,112.800003,114.739998,114.739998,2144600
422,2021-02-17,114.5,114.839996,107.029999,110.489998,110.489998,2558400
423,2021-02-18,109.75,111.325996,107.599998,110.290001,110.290001,1680300
424,2021-02-19,112.580002,116.349998,111.544998,113.949997,113.949997,1787600
425,2021-02-22,110.550003,112.279999,107.419998,108.68,108.68,2450100
426,2021-02-23,103.080002,109.82,95.349998,109.779999,109.779999,4165300
427,2021-02-24,106.809998,109.779999,102.860001,105.230003,105.230003,2998400
428,2021-02-25,105.209999,109.360001,100.510002,101.550003,101.550003,2689700
429,2021-02-26,101.510002,104.274002,98.559998,101.559998,101.559998,2754100
430,2021-03-01,104.300003,105.150002,101.5,104.800003,104.800003,1832500
431,2021-03-02,105.5,105.980003,98.089996,98.860001,98.860001,2668900
432,2021-03-03,98.279999,99.480003,88.904999,91.57,91.57,4892300
433,2021-03-04,90.510002,92.870003,85.0,87.650002,87.650002,4171400
434,2021-03-05,88.0,88.349998,75.139999,82.870003,82.870003,5812800
435,2021-03-08,82.080002,84.709999,76.0,76.330002,76.330002,3610800
436,2021-03-09,80.32,81.900002,77.919998,80.43,80.43,3815100
437,2021-03-10,81.989998,83.0,78.870003,80.589996,80.589996,2769600
438,2021-03-11,84.360001,87.599998,81.800003,87.269997,87.269997,3084600
439,2021-03-12,84.0,85.949997,82.010002,85.599998,85.599998,1949900
440,2021-03-15,86.150002,86.660004,83.985001,86.550003,86.550003,1520500
441,2021-03-16,87.0,88.099998,80.910004,82.290001,82.290001,2417700
442,2021-03-17,80.199997,83.199997,79.589996,81.519997,81.519997,2731000
443,2021-03-18,81.410004,81.639999,76.939003,77.510002,77.510002,2856000
444,2021-03-19,78.5,82.559998,78.349998,82.529999,82.529999,3796600
445,2021-03-22,85.5,86.989998,83.407997,85.879997,85.879997,4108200
446,2021-03-23,84.330002,87.720001,83.949997,84.690002,84.690002,3453500
447,2021-03-24,83.57,84.25,78.459999,79.0,79.0,4795400
448,2021-03-25,77.589996,80.639999,76.237999,79.040001,79.040001,3188300
449,2021-03-26,79.43,80.839996,76.633003,78.660004,78.660004,2925300
450,2021-03-29,79.339996,80.418999,76.759003,78.849998,78.849998,2954900
451,2021-03-30,77.18,81.669998,76.599998,80.379997,80.379997,7157000
452,2021-03-31,92.0,92.519997,84.709999,84.709999,84.709999,22419900
453,2021-04-01,86.43,87.269997,81.650002,82.709999,82.709999,6199100
454,2021-04-05,82.919998,83.417,78.860001,80.849998,80.849998,5152300
455,2021-04-06,81.239998,83.489998,80.959999,82.550003,82.550003,3073600
456,2021-04-07,82.349998,83.120003,81.059998,81.849998,81.849998,2369400
457,2021-04-08,82.82,83.199997,80.709999,81.82,81.82,2914200
458,2021-04-09,81.32,84.919998,80.480003,84.099998,84.099998,4599400
459,2021-04-12,83.5,86.290001,82.550003,84.040001,84.040001,3692500
460,2021-04-13,82.800003,87.730003,82.57,87.379997,87.379997,5822900
461,2021-04-14,87.699997,87.849998,84.620003,85.559998,85.559998,3776500
462,2021-04-15,86.279999,87.830002,85.418999,86.599998,86.599998,2398300
463,2021-04-16,86.730003,86.949997,82.550003,84.150002,84.150002,5419900
464,2021-04-19,83.82,84.239998,78.93,78.980003,78.980003,4472500
465,2021-04-20,80.0,80.300003,76.099998,77.0,77.0,4017800
466,2021-04-21,76.620003,80.349998,76.050003,80.239998,80.239998,4927100
467,2021-04-22,80.209999,82.550003,79.57,79.599998,79.599998,2616800
468,2021-04-23,80.260002,80.709999,78.470001,80.589996,80.589996,2935700
469,2021-04-26,80.959999,82.790001,79.879997,82.620003,82.620003,2220100
470,2021-04-27,83.5,84.360001,82.5,82.68,82.68,1611700
471,2021-04-28,82.5,83.061996,80.879997,81.889999,81.889999,1586200
472,2021-04-29,81.370003,82.216003,79.910004,81.449997,81.449997,2896900
473,2021-04-30,81.120003,81.959999,79.370003,79.720001,79.720001,3155700
474,2021-05-03,80.230003,81.43,79.260002,80.650002,80.650002,3946900
475,2021-05-04,79.730003,79.900002,75.699997,77.339996,77.339996,3476300
476,2021-05-05,77.519997,78.959999,74.080002,74.43,74.43,3356900
477,2021-05-06,73.150002,73.75,70.120003,71.510002,71.510002,4287100
478,2021-05-07,73.32,74.400002,70.169998,71.0,71.0,3290400
479,2021-05-10,70.300003,70.459999,67.410004,67.830002,67.830002,4063400
480,2021-05-11,66.730003,71.779999,65.75,71.419998,71.419998,4227900
481,2021-05-12,69.400002,70.459999,67.220001,68.0,68.0,3511800
482,2021-05-13,68.169998,68.68,64.080002,65.68,65.68,3938300
483,2021-05-14,66.160004,68.980003,65.830002,67.75,67.75,3047000
484,2021-05-17,68.050003,70.400002,67.089996,70.209999,70.209999,3150700
485,2021-05-18,70.830002,72.410004,70.120003,70.419998,70.419998,3002200
486,2021-05-19,69.019997,71.220001,68.050003,70.589996,70.589996,1880800
487,2021-05-20,71.239998,71.589996,69.589996,69.599998,69.599998,3566500
488,2021-05-21,69.279999,70.040001,67.68,67.760002,67.760002,3879000
489,2021-05-24,68.550003,72.779999,67.900002,71.709999,71.709999,3286500
490,2021-05-25,72.089996,73.849998,72.089996,72.93,72.93,3053500
491,2021-05-26,73.830002,76.099998,73.400002,73.959999,73.959999,3478000
492,2021-05-27,73.760002,75.75,73.07,75.279999,75.279999,2425000
493,2021-05-28,75.269997,75.860001,73.300003,73.620003,73.620003,2108100
494,2021-06-01,74.730003,74.860001,73.07,73.529999,73.529999,1835300
495,2021-06-02,73.230003,78.0,72.460999,77.519997,77.519997,4532900
496,2021-06-03,76.239998,77.370003,73.910004,75.129997,75.129997,4049100
497,2021-06-04,75.709999,77.227997,75.209999,75.209999,75.209999,2392700
498,2021-06-07,75.612,79.0,74.989998,78.559998,78.559998,3370800
499,2021-06-08,79.099998,79.867996,77.529999,79.470001,79.470001,3204000
500,2021-06-09,80.410004,80.980003,77.519997,77.769997,77.769997,2782400
501,2021-06-10,78.190002,80.348,77.620003,79.349998,79.349998,9820900
502,2021-06-11,76.910004,78.510002,74.580002,74.739998,74.739998,11398500
503,2021-06-14,74.260002,75.550003,73.650002,75.07,75.07,5310900
504,2021-06-15,75.650002,76.125,73.620003,73.900002,73.900002,4363600
505,2021-06-16,74.040001,77.279999,73.68,77.199997,77.199997,4306000
506,2021-06-17,76.889999,78.519997,76.078003,77.669998,77.669998,3334500
507,2021-06-18,78.5,78.800003,76.970001,78.5,78.5,3941800
508,2021-06-21,78.25,79.43,76.68,77.849998,77.849998,4068300
509,2021-06-22,77.589996,77.75,76.349998,77.220001,77.220001,4345200
510,2021-06-23,78.040001,79.519997,78.040001,78.849998,78.849998,3426600
511,2021-06-24,79.110001,81.599998,79.059998,80.620003,80.620003,5020600
512,2021-06-25,81.0,82.029999,79.769997,80.349998,80.349998,3531300
513,2021-06-28,81.360001,83.849998,80.192001,83.0,83.0,4844100
514,2021-06-29,83.449997,83.940002,81.510002,81.879997,81.879997,3098200
515,2021-06-30,81.290001,81.669998,79.709999,79.709999,79.709999,2863800
516,2021-07-01,80.349998,80.900002,78.550003,80.639999,80.639999,2710400
517,2021-07-02,80.510002,81.449997,79.480003,80.550003,80.550003,3095800
518,2021-07-06,80.900002,84.43,80.900002,84.419998,84.419998,3945400
519,2021-07-07,84.480003,85.329002,82.110001,83.639999,83.639999,3022700
520,2021-07-08,80.099998,81.699997,76.610001,81.239998,81.239998,5573100
521,2021-07-09,80.739998,85.610001,80.650002,85.57,85.57,3884100
522,2021-07-12,86.0,87.169998,83.385002,84.349998,84.349998,2311700
523,2021-07-13,84.0,86.089996,83.261002,84.220001,84.220001,2094100
524,2021-07-14,84.330002,84.75,78.839996,78.910004,78.910004,2904500
525,2021-07-15,80.080002,80.080002,75.910004,77.489998,77.489998,2876300
526,2021-07-16,78.477997,78.970001,76.309998,76.980003,76.980003,2004100
527,2021-07-19,75.82,82.620003,75.129997,82.239998,82.239998,5409100
528,2021-07-20,82.309998,83.160004,81.029999,82.699997,82.699997,2650600
529,2021-07-21,82.730003,83.980003,82.339996,83.199997,83.199997,1708800
530,2021-07-22,83.449997,84.790001,82.610001,84.669998,84.669998,1785800
531,2021-07-23,84.18,87.264999,83.379997,86.739998,86.739998,2826000
532,2021-07-26,86.18,90.239998,85.769997,86.349998,86.349998,3159300
533,2021-07-27,85.959999,86.470001,82.550003,85.349998,85.349998,2268600
534,2021-07-28,87.150002,89.470001,85.480003,89.43,89.43,2367100
535,2021-07-29,88.43,90.18,86.559998,86.669998,86.669998,1821700
536,2021-07-30,85.220001,86.309998,83.419998,83.699997,83.699997,2556000
537,2021-08-02,83.879997,86.300003,81.5,85.379997,85.379997,2061700
538,2021-08-03,85.470001,87.209999,84.629997,86.75,86.75,1301700
539,2021-08-04,86.580002,90.75,86.580002,90.040001,90.040001,2832900
540,2021-08-05,89.800003,92.0,88.900002,91.940002,91.940002,2226500
541,2021-08-06,91.93,92.470001,88.43,89.220001,89.220001,2447300
542,2021-08-09,88.800003,91.480003,88.410004,91.139999,91.139999,1799000
543,2021-08-10,91.480003,91.910004,89.550003,90.730003,90.730003,1295900
544,2021-08-11,90.370003,94.32,90.239998,91.339996,91.339996,2233300
545,2021-08-12,91.559998,95.279999,91.260002,95.080002,95.080002,2283000
546,2021-08-13,95.199997,97.739998,94.870003,95.699997,95.699997,2655200
547,2021-08-16,94.5,94.980003,90.519997,91.779999,91.779999,1722400
548,2021-08-17,91.720001,93.330002,90.669998,92.589996,92.589996,1628000
549,2021-08-18,93.18,94.25,91.07,91.07,91.07,1221100
550,2021-08-19,90.25,91.25,89.355003,89.699997,89.699997,986700
551,2021-08-20,89.580002,89.919998,86.260002,86.519997,86.519997,2372300
552,2021-08-23,86.779999,89.220001,86.599998,88.330002,88.330002,1434900
553,2021-08-24,88.620003,92.290001,88.529999,92.099998,92.099998,1566600
554,2021-08-25,92.099998,92.760002,90.75,92.209999,92.209999,996300
555,2021-08-26,92.32,92.404999,88.470001,89.550003,89.550003,1807200
556,2021-08-27,90.0,91.220001,88.07,88.110001,88.110001,1476700
557,2021-08-30,88.989998,91.349998,88.269997,90.099998,90.099998,1707900
558,2021-08-31,90.269997,91.120003,87.919998,88.120003,88.120003,2511200
559,2021-09-01,88.290001,89.049004,86.599998,87.43,87.43,7514400
560,2021-09-02,79.279999,81.370003,78.5,79.309998,79.309998,19017800
561,2021-09-03,79.230003,79.980003,76.550003,76.75,76.75,6559500
562,2021-09-07,76.75,77.290001,75.158997,75.82,75.82,4494500
563,2021-09-08,75.629997,76.400002,73.900002,75.949997,75.949997,3181800
564,2021-09-09,75.989998,76.889999,75.537003,76.599998,76.599998,2386900
565,2021-09-10,76.989998,77.900002,74.68,74.989998,74.989998,2696600
566,2021-09-13,74.730003,74.878998,71.93,73.639999,73.639999,3005800
567,2021-09-14,73.910004,74.150002,71.75,72.220001,72.220001,1771700
568,2021-09-15,72.339996,73.769997,71.709999,73.650002,73.650002,2446400
569,2021-09-16,73.160004,75.059998,73.040001,74.919998,74.919998,2221200
570,2021-09-17,75.449997,76.323997,74.904999,75.620003,75.620003,2548300
571,2021-09-20,74.290001,75.889999,74.0,75.629997,75.629997,2119400
572,2021-09-21,75.389999,76.470001,74.300003,75.150002,75.150002,1680500
573,2021-09-22,74.82,75.889999,73.559998,73.839996,73.839996,2066200
574,2021-09-23,74.519997,75.25,73.440002,73.449997,73.449997,2115100
575,2021-09-24,72.800003,72.800003,68.68,69.830002,69.830002,5927000
576,2021-09-27,69.110001,70.839996,67.889999,70.5,70.5,3692100
577,2021-09-28,70.230003,71.639999,68.309998,69.639999,69.639999,3065800
578,2021-09-29,69.300003,69.870003,67.699997,67.709999,67.709999,2986700
579,2021-09-30,68.510002,69.089996,67.580002,68.110001,68.110001,2154300
580,2021-10-01,68.0,68.0,66.099998,67.389999,67.389999,1735800
581,2021-10-04,67.129997,67.260002,63.419998,64.230003,64.230003,4220300
582,2021-10-05,64.389999,65.269997,63.630001,63.959999,63.959999,2559600
583,2021-10-06,63.470001,65.514,63.470001,64.540001,64.540001,2272000
584,2021-10-07,65.0,66.514999,64.650002,64.790001,64.790001,2814300
585,2021-10-08,64.790001,65.010002,62.07,62.599998,62.599998,4843600
586,2021-10-11,62.32,62.650002,61.400002,61.459999,61.459999,3067400
587,2021-10-12,61.73,63.560001,60.450001,62.869999,62.869999,4674800
588,2021-10-13,62.950001,63.395,61.310001,62.73,62.73,2933300
589,2021-10-14,63.490002,63.869999,62.369999,62.610001,62.610001,3355900
590,2021-10-15,62.77,64.089996,61.900002,63.529999,63.529999,2879200
591,2021-10-18,63.779999,65.959999,62.75,65.910004,65.910004,4079800
592,2021-10-19,65.870003,67.029999,64.760002,66.339996,66.339996,3170100
593,2021-10-20,67.0,67.099998,65.400002,65.900002,65.900002,2031800
594,2021-10-21,65.900002,66.610001,65.389999,65.5,65.5,2093700
595,2021-10-22,65.300003,66.220001,64.919998,65.470001,65.470001,2002200
596,2021-10-25,64.980003,68.199997,64.809998,67.949997,67.949997,2953600
597,2021-10-26,68.199997,69.940002,67.505997,67.989998,67.989998,5345400
598,2021-10-27,68.110001,69.889999,67.010002,67.290001,67.290001,2405200
599,2021-10-28,67.290001,74.730003,66.919998,72.629997,72.629997,7486000
600,2021-10-29,71.709999,76.349998,71.029999,75.800003,75.800003,4983700
601,2021-11-01,75.800003,77.169998,74.230003,74.709999,74.709999,2935500
602,2021-11-02,74.910004,74.910004,72.629997,73.389999,73.389999,2217500
603,2021-11-03,73.800003,74.43,72.709999,73.160004,73.160004,3347200
604,2021-11-04,73.150002,80.574997,73.099998,79.620003,79.620003,6206300
605,2021-11-05,78.349998,79.160004,73.919998,74.400002,74.400002,3867800
606,2021-11-08,74.489998,76.540001,74.489998,75.580002,75.580002,2793900
607,2021-11-09,76.099998,77.440002,75.400002,76.620003,76.620003,2186300
608,2021-11-10,76.050003,76.055,71.529999,72.150002,72.150002,3012900
609,2021-11-11,73.25,73.800003,71.169998,71.300003,71.300003,2624700
610,2021-11-12,71.809998,77.080002,70.849998,76.910004,76.910004,3432300
611,2021-11-15,77.029999,77.589996,74.401001,74.760002,74.760002,2107300
612,2021-11-16,74.25,76.580002,73.879997,75.980003,75.980003,2147200
613,2021-11-17,75.550003,76.199997,73.269997,73.349998,73.349998,2804000
614,2021-11-18,73.0,74.550003,72.660004,72.919998,72.919998,2165800
615,2021-11-19,73.599998,75.68,72.900002,72.919998,72.919998,2731100
616,2021-11-22,72.5,73.117996,65.57,66.040001,66.040001,5079600
617,2021-11-23,65.599998,65.599998,62.279999,64.529999,64.529999,4083400
618,2021-11-24,64.169998,67.390999,63.630001,67.099998,67.099998,3128300
619,2021-11-26,69.360001,70.050003,67.599998,69.389999,69.389999,2726400
620,2021-11-29,68.5,69.480003,66.209999,68.660004,68.660004,3008000
621,2021-11-30,68.699997,69.089996,65.849998,68.260002,68.260002,4887700
622,2021-12-01,68.620003,69.379997,65.32,66.5,66.5,6923000
623,2021-12-02,64.949997,66.349998,62.82,66.0,66.0,4534800
624,2021-12-03,65.160004,66.400002,60.25,62.689999,62.689999,5996600
625,2021-12-06,59.009998,60.66,57.52,59.540001,59.540001,6599900
626,2021-12-07,60.93,62.540001,60.310001,60.77,60.77,4256200
627,2021-12-08,60.799999,61.240002,58.52,60.099998,60.099998,4404500
628,2021-12-09,60.310001,60.401001,55.950001,56.299999,56.299999,9763400
629,2021-12-10,50.299999,53.43,50.049999,51.759998,51.759998,17830900
630,2021-12-13,51.439999,55.369999,51.43,55.259998,55.259998,8007100
631,2021-12-14,54.630001,56.220001,53.52,54.869999,54.869999,5989900
632,2021-12-15,54.66,56.990002,52.860001,56.369999,56.369999,6101200
633,2021-12-16,56.25,56.619999,52.52,53.400002,53.400002,5554400
634,2021-12-17,52.82,54.990002,51.599998,54.759998,54.759998,4499200
635,2021-12-20,53.98,57.042,53.306999,56.52,56.52,5283400
636,2021-12-21,57.360001,57.66,54.450001,55.220001,55.220001,3624600
637,2021-12-22,55.029999,56.43,53.939999,55.759998,55.759998,3180600
638,2021-12-23,56.689999,60.110001,56.5,59.259998,59.259998,4918000
639,2021-12-27,58.68,60.790001,58.23,60.27,60.27,2277100
640,2021-12-28,60.389999,61.470001,59.919998,60.0,60.0,2371900
641,2021-12-29,59.709999,59.709999,57.07,57.810001,57.810001,2566200
642,2021-12-30,58.240002,60.330002,57.59,59.43,59.43,2233900
643,2021-12-31,59.439999,61.200001,58.900002,58.970001,58.970001,2578800
644,2022-01-03,59.389999,60.509998,57.259998,57.48,57.48,3126000
645,2022-01-04,57.395,57.395,52.869999,54.400002,54.400002,4496400
646,2022-01-05,53.830002,55.200001,51.529999,52.009998,52.009998,3554100
647,2022-01-06,51.560001,54.279999,50.049999,52.889999,52.889999,3174800
648,2022-01-07,50.790001,51.25,48.029999,48.52,48.52,8171900
649,2022-01-10,47.950001,49.919998,46.450001,49.91,49.91,4190500
650,2022-01-11,49.16,51.990002,49.02,50.93,50.93,2635500
651,2022-01-12,50.900002,51.889999,48.189999,48.580002,48.580002,3204800
652,2022-01-13,49.360001,49.360001,46.029999,46.09,46.09,3598500
653,2022-01-14,45.689999,46.490002,43.119999,44.860001,44.860001,5343800
654,2022-01-18,43.560001,46.259998,42.98,43.25,43.25,5615500
655,2022-01-19,43.0,44.200001,41.919998,42.189999,42.189999,3258600
656,2022-01-20,42.669998,44.209999,40.619999,40.68,40.68,3944400
657,2022-01-21,40.0,40.490002,37.68,38.049999,38.049999,5377000
658,2022-01-24,37.02,43.299999,36.700001,43.27,43.27,11428200
659,2022-01-25,42.119999,44.299999,41.709999,42.439999,42.439999,8506700
660,2022-01-26,43.630001,45.860001,42.150002,43.439999,43.439999,6788500
661,2022-01-27,43.099998,44.869999,42.48,42.709999,42.709999,5383500
662,2022-01-28,43.689999,44.32,41.348999,43.950001,43.950001,3711100
663,2022-01-31,44.490002,47.759998,44.41,47.610001,47.610001,4258900
664,2022-02-01,47.540001,48.32,45.98,47.860001,47.860001,2914300
665,2022-02-02,47.810001,48.025002,43.82,43.950001,43.950001,4258300
666,2022-02-03,43.23,44.147999,41.310001,43.689999,43.689999,6128200
667,2022-02-04,44.970001,50.5,44.650002,49.290001,49.290001,7853500
668,2022-02-07,48.490002,49.48,45.610001,45.82,45.82,4915500
669,2022-02-08,45.900002,47.240002,44.610001,46.98,46.98,2780300
670,2022-02-09,47.73,52.299999,47.689999,52.25,52.25,8222200
671,2022-02-10,50.740002,53.900002,50.639999,52.419998,52.419998,5918900
672,2022-02-11,52.209999,53.150002,50.779999,52.099998,52.099998,3761900
673,2022-02-14,51.5,53.849998,50.959999,52.630001,52.630001,3698400
674,2022-02-15,52.66,54.076,51.91,54.0,54.0,3383800
675,2022-02-16,54.07,54.189999,48.869999,49.560001,49.560001,5362800
676,2022-02-17,49.310001,50.299999,45.529999,45.66,45.66,3085000
677,2022-02-18,45.810001,47.09,43.889999,44.169998,44.169998,4601000
678,2022-02-22,43.849998,44.91,41.540001,41.580002,41.580002,3678300
679,2022-02-23,41.799999,42.220001,38.43,38.439999,38.439999,2913600
680,2022-02-24,36.77,41.09,36.689999,40.59,40.59,5983000
681,2022-02-25,41.5,42.23,38.917,42.169998,42.169998,3301000
682,2022-02-28,42.529999,47.490002,42.110001,47.139999,47.139999,7101600
683,2022-03-01,46.619999,48.0,45.700001,46.91,46.91,4273500
684,2022-03-02,46.799999,46.91,43.82,45.110001,45.110001,3764300
685,2022-03-03,45.0,45.66,43.130001,43.990002,43.990002,2943900
686,2022-03-04,44.849998,45.490002,43.27,45.27,45.27,3631800
687,2022-03-07,45.43,47.119999,42.790001,42.830002,42.830002,2783600
688,2022-03-08,42.27,43.580002,39.349998,42.040001,42.040001,3947000
689,2022-03-09,42.639999,43.860001,41.195,41.650002,41.650002,3216200
690,2022-03-10,41.57,41.57,37.724998,38.369999,38.369999,5315000
691,2022-03-11,39.630001,40.049999,38.299999,39.240002,39.240002,3812300
692,2022-03-14,37.959999,39.16,36.610001,36.869999,36.869999,3404500
693,2022-03-15,36.259998,37.5,35.59,37.220001,37.220001,3761000
694,2022-03-16,37.66,41.209999,37.66,41.189999,41.189999,4795100
695,2022-03-17,40.48,42.32,40.0,42.240002,42.240002,2728400
696,2022-03-18,41.529999,44.52,41.458,44.209999,44.209999,2692900
697,2022-03-21,43.619999,44.033001,40.610001,41.279999,41.279999,3803200
698,2022-03-22,41.57,46.18,41.459999,45.419998,45.419998,4625300
699,2022-03-23,44.68,49.764999,44.259998,46.150002,46.150002,5649900
700,2022-03-24,46.0,47.23,43.16,45.900002,45.900002,4191800
701,2022-03-25,45.599998,46.634998,43.52,45.759998,45.759998,3470100
702,2022-03-28,46.619999,49.41,46.099998,48.799999,48.799999,4306900
703,2022-03-29,52.18,52.389999,48.43,51.0,51.0,9681100
704,2022-03-30,43.900002,45.290001,41.799999,42.790001,42.790001,22791000
705,2022-03-31,42.5,42.970001,40.75,40.779999,40.779999,8112600
706,2022-04-01,41.209999,42.200001,39.860001,40.93,40.93,6063500
707,2022-04-04,41.490002,46.34,40.421001,45.82,45.82,7622300
708,2022-04-05,45.990002,47.139999,43.880001,44.240002,44.240002,4432600
709,2022-04-06,43.040001,43.529999,40.040001,42.279999,42.279999,6828900
710,2022-04-07,42.009998,43.799999,41.57,43.59,43.59,4254500
711,2022-04-08,43.029999,44.439999,42.299999,43.189999,43.189999,3218100
712,2022-04-11,42.419998,44.0,41.610001,43.27,43.27,2519600
713,2022-04-12,43.830002,45.629002,43.23,43.299999,43.299999,2952400
714,2022-04-13,43.0,43.790001,41.834999,43.099998,43.099998,6309600
715,2022-04-14,42.799999,42.900002,39.349998,39.93,39.93,6375300
716,2022-04-18,40.299999,40.389999,38.259998,39.68,39.68,3367300
717,2022-04-19,39.630001,42.669998,39.27,42.389999,42.389999,3919000
718,2022-04-20,42.459999,42.459999,39.560001,39.610001,39.610001,3089900
719,2022-04-21,39.310001,40.060001,36.630001,37.130001,37.130001,4624100
720,2022-04-22,37.23,37.950001,34.48,34.619999,34.619999,4747400
721,2022-04-25,34.18,35.200001,33.34,34.66,34.66,4178700
722,2022-04-26,34.57,34.650002,31.18,31.42,31.42,5910600
723,2022-04-27,31.33,31.809999,30.190001,30.82,30.82,4913700
724,2022-04-28,30.58,32.84,29.049999,32.259998,32.259998,5621500
725,2022-04-29,31.42,32.303001,28.834999,29.059999,29.059999,6451600
726,2022-05-02,28.6,30.5,28.200001,30.370001,30.370001,5477300
727,2022-05-03,30.030001,31.01,29.58,30.299999,30.299999,3741600
728,2022-05-04,29.690001,32.669998,28.84,32.509998,32.509998,4853600
729,2022-05-05,31.200001,31.209999,28.6,28.98,28.98,5757000
730,2022-05-06,28.889999,29.18,26.34,27.4,27.4,5263200
731,2022-05-09,26.66,27.9,26.08,26.33,26.33,5293100
732,2022-05-10,26.68,27.85,25.445,26.940001,26.940001,5795500
733,2022-05-11,26.65,27.48,23.35,23.67,23.67,6050100
734,2022-05-12,23.23,27.85,22.68,26.0,26.0,7989300
735,2022-05-13,27.25,28.52,26.860001,27.969999,27.969999,4128700
736,2022-05-16,27.870001,28.549999,26.440001,26.57,26.57,3019900
737,2022-05-17,27.24,27.940001,25.889999,27.65,27.65,4135100
738,2022-05-18,26.860001,27.08,24.091999,24.290001,24.290001,4751900
739,2022-05-19,24.190001,25.709999,23.5,24.969999,24.969999,3476900
740,2022-05-20,25.57,25.68,23.558001,24.469999,24.469999,4063700
741,2022-05-23,24.280001,25.059999,23.860001,24.9,24.9,3309500
742,2022-05-24,24.23,24.25,22.219999,23.309999,23.309999,5249400
743,2022-05-25,22.66,25.030001,22.65,24.190001,24.190001,5582200
744,2022-05-26,24.1,26.129999,24.059999,25.540001,25.540001,3684400
745,2022-05-27,25.32,27.155001,25.32,27.110001,27.110001,4443700
746,2022-05-31,27.76,27.92,24.76,24.799999,24.799999,8458500
747,2022-06-01,24.889999,25.51,22.959999,23.49,23.49,16075900
748,2022-06-02,27.09,29.469999,25.799999,29.18,29.18,48989100
749,2022-06-03,28.469999,29.790001,27.92,28.799999,28.799999,12199700
750,2022-06-06,29.629999,30.110001,27.309999,27.76,27.76,6915200
751,2022-06-07,27.77,28.99,27.225,28.620001,28.620001,4981800
752,2022-06-08,28.620001,29.540001,28.540001,28.99,28.99,4258600
753,2022-06-09,30.48,31.719999,29.49,29.75,29.75,11451300
754,2022-06-10,28.83,30.09,28.41,28.719999,28.719999,6441400
755,2022-06-13,28.0,28.58,26.684999,27.07,27.07,5917900
756,2022-06-14,26.83,27.98,26.469999,27.049999,27.049999,4108300
757,2022-06-15,27.190001,30.01,27.129999,29.24,29.24,4968500
758,2022-06-16,28.84,29.02,27.795,28.43,28.43,5399000
759,2022-06-17,28.6,29.379999,28.23,28.700001,28.700001,5356500
760,2022-06-21,31.139999,33.139999,30.610001,31.85,31.85,7326200
761,2022-06-22,31.200001,33.43,31.1,32.619999,32.619999,6151800
762,2022-06-23,33.0,36.68,33.0,36.650002,36.650002,7286600
763,2022-06-24,37.18,38.360001,36.150002,38.16,38.16,7266800
764,2022-06-27,40.0,40.400002,37.080002,38.139999,38.139999,8547700
765,2022-06-28,37.889999,38.698002,35.240002,35.240002,35.240002,5706900
766,2022-06-29,35.009998,35.799999,34.360001,35.34,35.34,4406600
767,2022-06-30,34.880001,35.845001,34.023998,34.720001,34.720001,4911600
768,2022-07-01,35.16,37.200001,34.639999,37.189999,37.189999,5054500
769,2022-07-05,37.0,41.029999,36.599998,40.540001,40.540001,6232200
770,2022-07-06,40.32,41.099998,38.82,39.830002,39.830002,4744500
771,2022-07-07,39.5,43.07,39.5,42.419998,42.419998,5015200
772,2022-07-08,41.490002,45.5,40.759998,44.130001,44.130001,8008400
773,2022-07-11,43.419998,43.73,41.84,43.130001,43.130001,4457700
774,2022-07-12,43.439999,44.25,40.950001,42.669998,42.669998,5470200
775,2022-07-13,41.709999,45.700001,40.810001,42.84,42.84,6537800
776,2022-07-14,42.790001,43.419998,41.169998,41.849998,41.849998,5262000
777,2022-07-15,42.23,43.240002,41.32,42.650002,42.650002,3677500
778,2022-07-18,43.389999,44.860001,42.645,42.98,42.98,4368900
779,2022-07-19,43.720001,44.224998,42.43,43.310001,43.310001,3994800
780,2022-07-20,43.419998,45.439999,42.349998,42.689999,42.689999,4928000
781,2022-07-21,42.75,45.485001,42.389999,45.18,45.18,5043000
782,2022-07-22,45.0,47.490002,42.459999,42.52,42.52,5570800
783,2022-07-25,42.400002,42.700001,40.93,41.75,41.75,3958000
784,2022-07-26,38.900002,39.082001,37.240002,38.400002,38.400002,7164800
785,2022-07-27,39.279999,39.720001,37.755001,38.939999,38.939999,3724400
786,2022-07-28,38.630001,39.599998,36.279999,39.130001,39.130001,5126300
787,2022-07-29,38.799999,39.380001,37.549999,38.810001,38.810001,3733100
788,2022-08-01,38.599998,41.049999,37.549999,40.939999,40.939999,2830600
789,2022-08-02,40.529999,42.639999,40.0,40.799999,40.799999,3324600
790,2022-08-03,41.450001,42.414001,40.841,42.139999,42.139999,3135400
791,2022-08-04,42.029999,43.580002,41.619999,43.23,43.23,2933500
792,2022-08-05,42.0,44.560001,41.68,44.439999,44.439999,3437500
793,2022-08-08,44.900002,48.860001,44.893002,47.709999,47.709999,4740700
794,2022-08-09,46.700001,47.580002,45.779999,45.93,45.93,2442600
795,2022-08-10,48.16,48.875,46.744999,48.849998,48.849998,2684600
796,2022-08-11,49.5,51.869999,48.009998,48.299999,48.299999,3703000
797,2022-08-12,49.049999,50.07,47.869999,49.98,49.98,1793200
798,2022-08-15,49.490002,50.950001,48.630001,49.43,49.43,2023100
799,2022-08-16,49.16,51.970001,46.490002,50.009998,50.009998,4433100
800,2022-08-17,48.990002,49.66,47.66,48.25,48.25,4343600
801,2022-08-18,47.869999,47.869999,45.509998,45.990002,45.990002,3790100
802,2022-08-19,45.099998,45.318001,42.099998,42.779999,42.779999,3725400
803,2022-08-22,41.900002,42.509998,41.09,41.150002,41.150002,2156300
804,2022-08-23,41.560001,43.325001,41.25,41.259998,41.259998,2777000
805,2022-08-24,41.290001,41.790001,40.209999,40.25,40.25,2990100
806,2022-08-25,40.639999,40.889999,39.52,40.57,40.57,3331400
807,2022-08-26,40.950001,41.09,37.259998,38.099998,38.099998,5561100
808,2022-08-29,38.099998,38.77,37.389999,38.009998,38.009998,3407200
809,2022-08-30,38.400002,39.118,36.869999,37.389999,37.389999,9694100
810,2022-08-31,34.080002,35.939999,33.52,34.330002,34.330002,19809400
811,2022-09-01,33.799999,34.310001,32.139999,33.869999,33.869999,6306700
812,2022-09-02,34.189999,34.389999,31.950001,32.75,32.75,6142600
813,2022-09-06,32.599998,33.970001,32.080002,33.029999,33.029999,5244300
814,2022-09-07,32.650002,34.830002,32.650002,34.259998,34.259998,4174000
815,2022-09-08,33.540001,35.650002,33.52,35.630001,35.630001,4026200
816,2022-09-09,35.889999,36.93,35.360001,35.98,35.98,3356900
817,2022-09-12,36.299999,37.349998,36.091,36.799999,36.799999,3397100
818,2022-09-13,35.16,35.16,33.459999,34.709999,34.709999,4176700
819,2022-09-14,35.139999,35.830002,34.16,35.790001,35.790001,2669300
820,2022-09-15,35.549999,36.490002,34.799999,36.450001,36.450001,3828100
821,2022-09-16,35.369999,35.650002,34.75,35.169998,35.169998,3232200
822,2022-09-19,34.91,35.650002,34.540001,35.59,35.59,3559600
823,2022-09-20,35.240002,35.470001,32.215,32.490002,32.490002,5814700
824,2022-09-21,32.700001,34.75,32.610001,33.099998,33.099998,5040400
825,2022-09-22,32.970001,32.98,31.290001,31.6,31.6,3749600
826,2022-09-23,31.370001,32.299999,30.264999,31.76,31.76,4637700
827,2022-09-26,31.68,34.080002,31.66,32.049999,32.049999,4457000
828,2022-09-27,32.740002,33.706001,31.889999,32.689999,32.689999,3166300
829,2022-09-28,32.98,33.380001,32.330002,33.09,33.09,2946500
830,2022-09-29,32.259998,32.584999,30.940001,31.08,31.08,2629300
831,2022-09-30,30.969999,32.030998,30.360001,30.719999,30.719999,2624100
832,2022-10-03,30.77,31.83,29.540001,31.219999,31.219999,2630800
833,2022-10-04,32.189999,33.16,32.040001,33.119999,33.119999,2469900
834,2022-10-05,32.650002,37.169998,32.564999,36.669998,36.669998,10598900
835,2022-10-06,36.66,38.650002,36.360001,37.939999,37.939999,6125100
836,2022-10-07,37.16,38.389999,35.68,36.34,36.34,5712700
837,2022-10-10,36.240002,37.02,34.799999,35.34,35.34,4000800
838,2022-10-11,35.0,35.700001,33.330002,34.029999,34.029999,3720900
